,id,title,url,selftext,score,num_comments,author,subreddit,created_utc,upvote_ratio,permalink,stickied
0,1fuiqmg,FACT SHEET: UPDATE: Biden-Harris Continues Life-Saving Response Efforts in Response to Hurricane Helene,https://www.whitehouse.gov/briefing-room/statements-releases/2024/10/02/fact-sheet-update-biden-harris-continues-life-saving-response-efforts-in-response-to-hurricane-helene/,,15,2,Strict-Marsupial6141,Kamala,2024-10-02 15:20:09+00:00,1.0,/r/Kamala/comments/1fuiqmg/fact_sheet_update_bidenharris_continues/,False
1,1fuhxnu,aww his feelings got hurt ,https://i.redd.it/6b9iwphivcsd1.jpeg,,25,1,PopStrict4439,Kamala,2024-10-02 14:46:27+00:00,1.0,/r/Kamala/comments/1fuhxnu/aww_his_feelings_got_hurt/,False
2,1fuh04h,"""I'll Be Dating Her in Ten Years""",https://i.redd.it/n8f1dyu3ocsd1.jpeg,,23,1,SoCalLynda,Kamala,2024-10-02 14:05:48+00:00,0.96,/r/Kamala/comments/1fuh04h/ill_be_dating_her_in_ten_years/,False
3,1fugucy,"Border Act signed: The act focuses on Enhanced Points of Entry, Tech Upgrades for Border Walls, and Advanced Data Analysis Tools.
",https://www.congress.gov/bill/118th-congress/senate-bill/4698/text,,11,6,Strict-Marsupial6141,Kamala,2024-10-02 13:58:53+00:00,0.93,/r/Kamala/comments/1fugucy/border_act_signed_the_act_focuses_on_enhanced/,False
4,1fueiy1,Remarks by Vice President Harris on the Iranian Ballistic Missile Attack Against Israel,https://www.whitehouse.gov/briefing-room/speeches-remarks/2024/10/01/remarks-by-vice-president-harris-on-the-iranian-ballistic-missile-attack-against-israel/,,13,2,Strict-Marsupial6141,Kamala,2024-10-02 12:04:00+00:00,1.0,/r/Kamala/comments/1fueiy1/remarks_by_vice_president_harris_on_the_iranian/,False
5,1fu2uk8,"National Black farmers group says supporting GOP ticket ""off the table"" after JD Vance's attack",https://www.motherjones.com/politics/2024/08/black-farmers-jd-vance/?utm_content=buffere6d68&utm_medium=social&utm_source=twitter.com&utm_campaign=buffer,,126,4,takemusu,Kamala,2024-10-01 23:54:36+00:00,0.99,/r/Kamala/comments/1fu2uk8/national_black_farmers_group_says_supporting_gop/,False
6,1fu29jb,Comma-Love ;),https://i.redd.it/bheyyik0b8sd1.png,,23,1,the_darkener,Kamala,2024-10-01 23:26:29+00:00,0.94,/r/Kamala/comments/1fu29jb/commalove/,False
7,1fu2851,Tim Walz and JD Vance's 2024 VP debate is tonight. Here's what to know.,https://www.cbsnews.com/news/vp-debate-2024-what-to-know/,,9,2,Strict-Marsupial6141,Kamala,2024-10-01 23:24:39+00:00,1.0,/r/Kamala/comments/1fu2851/tim_walz_and_jd_vances_2024_vp_debate_is_tonight/,False
8,1fu1wq1,"When tech billionaire Peter Thiel gets J.D. Vance behind closed doors, things get weird.",https://i.redd.it/l0acq0qm5zrd1.jpeg,,21,3,SoCalLynda,Kamala,2024-10-01 23:09:28+00:00,0.96,/r/Kamala/comments/1fu1wq1/when_tech_billionaire_peter_thiel_gets_jd_vance/,False
9,1fu1rt7,FEAR,https://i.redd.it/7n6nuyaz68sd1.jpeg,,30,4,SoCalLynda,Kamala,2024-10-01 23:02:57+00:00,0.97,/r/Kamala/comments/1fu1rt7/fear/,False
10,1ftxomu,How do you think this new Iran attack on Israel will affect Kamala's chances?,https://www.reddit.com/r/Kamala/comments/1ftxomu/how_do_you_think_this_new_iran_attack_on_israel/,,2,25,Proud3GenAthst,Kamala,2024-10-01 20:06:26+00:00,0.56,/r/Kamala/comments/1ftxomu/how_do_you_think_this_new_iran_attack_on_israel/,False
11,1ftvajz,Black Women Will Save This Country,https://v.redd.it/6z9ja0v4r1sd1,,102,3,ZenSerialKiller,Kamala,2024-10-01 18:29:42+00:00,0.99,/r/Kamala/comments/1ftvajz/black_women_will_save_this_country/,False
12,1fttbrb,Trump Unlocked A New Scam,https://image.upilink.in/etdevENE52PO8T7,,3,5,Realistic-Plant3957,Kamala,2024-10-01 17:09:25+00:00,0.67,/r/Kamala/comments/1fttbrb/trump_unlocked_a_new_scam/,False
13,1fts5uw,FACT SHEET: Biden-Harris Administration Announces New Actions to Reduce Medical Debt and Address Illegal Medical Debt Collection Practices,https://www.whitehouse.gov/briefing-room/statements-releases/2024/10/01/fact-sheet-biden-harris-administration-announces-new-actions-to-reduce-medical-debt-and-address-illegal-medical-debt-collection-practices/,,33,1,Strict-Marsupial6141,Kamala,2024-10-01 16:22:25+00:00,0.98,/r/Kamala/comments/1fts5uw/fact_sheet_bidenharris_administration_announces/,False
14,1ftow8x,"""Older Americans have an outsized influence during elections because they are more likely to be registered and actually vote on Election Day. Current polls show Harris leading Trump by an average of 3 points among senior voters.""",https://www.blackenterprise.com/kamala-harris-democratic-presidential-nominee-senior-vote/,,89,2,Strict-Marsupial6141,Kamala,2024-10-01 14:04:00+00:00,0.99,/r/Kamala/comments/1ftow8x/older_americans_have_an_outsized_influence_during/,False
15,1ftnled,Sick and Twisted,https://youtu.be/2uQOb6hf8XE?si=Cuj1FSd9R0T6378q,,4,3,SoCalLynda,Kamala,2024-10-01 13:04:54+00:00,0.83,/r/Kamala/comments/1ftnled/sick_and_twisted/,False
16,1ftmzps,Do You Want a President J.D. Vance?,https://i.redd.it/qy4q4uc6e1sd1.jpeg,,94,9,SoCalLynda,Kamala,2024-10-01 12:35:38+00:00,0.96,/r/Kamala/comments/1ftmzps/do_you_want_a_president_jd_vance/,False
17,1ftmwhv,"When tech billionaire Peter Thiel gets J.D. Vance behind closed doors, things get weird.",https://i.redd.it/hkvped0exzrd1.jpeg,,23,3,SoCalLynda,Kamala,2024-10-01 12:31:02+00:00,0.96,/r/Kamala/comments/1ftmwhv/when_tech_billionaire_peter_thiel_gets_jd_vance/,False
18,1ftgf2h,For MAGA fools,https://image.upilink.in/lDj17TcmkaqCIYT,,23,2,Realistic-Plant3957,Kamala,2024-10-01 05:11:06+00:00,0.93,/r/Kamala/comments/1ftgf2h/for_maga_fools/,False
19,1ftfpuk,Video recommendations?,https://www.reddit.com/r/Kamala/comments/1ftfpuk/video_recommendations/,"I have a friend who's probably going to vote Kamala, but isn't exactly stoked about it. Does anyone have any short-ish (working parent friendly) video recommendations, or other suggestions, that help show why so many of us are actually excited to vote for Harris/Walz this year? ",2,14,allthesamejacketl,Kamala,2024-10-01 04:28:13+00:00,0.75,/r/Kamala/comments/1ftfpuk/video_recommendations/,False
20,1ft9tp9,I wish I was surprised,https://image.upilink.in/W9jBsnVkqLEZIP1,,1,2,Realistic-Plant3957,Kamala,2024-09-30 23:25:45+00:00,0.6,/r/Kamala/comments/1ft9tp9/i_wish_i_was_surprised/,False
21,1ft95f7,NEW Kamala Interview on All the Smoke,https://www.youtube.com/watch?v=bzThwqnQJDY&t=2s,,14,1,Beginning-Web-284,Kamala,2024-09-30 22:55:06+00:00,0.8,/r/Kamala/comments/1ft95f7/new_kamala_interview_on_all_the_smoke/,False
22,1ft70tt,Harris Campaign Hilariously Trolls Trump After Supporters Behind Him At Rally Keep Walking Out,https://www.comicsands.com/supporters-leaving-trump-rally-harris-2669296827.html,,100,3,Blue_Wave2024,Kamala,2024-09-30 21:21:59+00:00,0.98,/r/Kamala/comments/1ft70tt/harris_campaign_hilariously_trolls_trump_after/,False
23,1ft69pn,Another really good reason to have Tim Walz in the Whitehouse ,https://i.redd.it/30v6ahc7nzrd1.jpeg,,161,9,ChristinaWSalemOR,Kamala,2024-09-30 20:51:30+00:00,0.96,/r/Kamala/comments/1ft69pn/another_really_good_reason_to_have_tim_walz_in/,False
24,1ft0ki5,New Randy Rainbow for you.,https://www.youtube.com/watch?v=5CzYt-WuCCA,,2,2,takemusu,Kamala,2024-09-30 16:59:26+00:00,0.75,/r/Kamala/comments/1ft0ki5/new_randy_rainbow_for_you/,False
25,1fsz0tg,NYT endorses Harris as ‚Äòthe only choice‚Äô for president. ,https://www.politico.com/news/2024/09/30/new-york-times-kamala-harris-endorsement-00181639,,94,3,Strict-Marsupial6141,Kamala,2024-09-30 15:57:05+00:00,0.97,/r/Kamala/comments/1fsz0tg/nyt_endorses_harris_as_the_only_choice_for/,False
26,1fsve1w,Feeling so disheartened ,https://www.reddit.com/r/Kamala/comments/1fsve1w/feeling_so_disheartened/,"Sorry for the long post. I live in Florida and ordered two Harris Walz signs weeks ago. They finally arrive. I put one up and gave the other sign to my neighbor. 

A mere two days later I had a package delivered and needed to sign for it. The guy starts talking about my Harris sign. ""I see you have the sign up. Did you hear they are flying in missles to assassinate Trump"" I'm like ""oh I didnt hear that. That's awful. "" 

I was polite bc I'm alone at home. As a woman I know better than to put him in his place for talking about politics while on the job in a uniform.  He finishes the conversation by saying ""there's a lot of crazy people out there"" three times while looking at my sign and looking back at me. I felt threatened and so I took my sign down. My neighbor tells me he will not take his sign down and that it's bs to be intimidated by this guy. He's right. Two days later my neighbors yard sign is stolen. 

I'm so angry at the trump supporters in my area. I've spent years looking at trump signs in my neighborhood. I have never said anything rude or taken a sign down. I'm going to buy another for my neighbor and keep replacing them. 

I just want to discuss this with other people who may have had something similar happen to them.  Thanks for reading. 


",186,31,elainefunke,Kamala,2024-09-30 13:21:04+00:00,0.97,/r/Kamala/comments/1fsve1w/feeling_so_disheartened/,False
27,1fstpxg,Tim Walz at DNC on freedom and gun rights,https://v.redd.it/l588qxrkrxrd1,,47,1,James_Fortis,Kamala,2024-09-30 11:57:41+00:00,0.97,/r/Kamala/comments/1fstpxg/tim_walz_at_dnc_on_freedom_and_gun_rights/,False
28,1fspm8f,I did a thing,https://www.reddit.com/r/Kamala/comments/1fspm8f/i_did_a_thing/,[https://youtu.be/Iity75MbJJw?si=NEPDNLjyjxEDzE5D](https://youtu.be/Iity75MbJJw?si=NEPDNLjyjxEDzE5D),1,1,dannymacaroni,Kamala,2024-09-30 07:03:53+00:00,0.66,/r/Kamala/comments/1fspm8f/i_did_a_thing/,False
29,1fsmbqp,Opinion | Stanley McChrystal: Why Kamala Harris Has Won Me Over,https://www.nytimes.com/2024/09/26/opinion/kamala-harris-president.html?utm_source=substack&utm_medium=email,,35,1,Free_Swimming,Kamala,2024-09-30 03:27:18+00:00,0.93,/r/Kamala/comments/1fsmbqp/opinion_stanley_mcchrystal_why_kamala_harris_has/,False
30,1fshilt,Cannot wait to see Harris in her POTUS bomber!,https://i.redd.it/1dsm1zplnsrd1.jpeg,,89,3,Mulliganasty,Kamala,2024-09-29 23:14:29+00:00,0.96,/r/Kamala/comments/1fshilt/cannot_wait_to_see_harris_in_her_potus_bomber/,False
31,1fsg2eu,I saw this cool house,https://i.redd.it/4zg2rzuymtrd1.jpeg,,143,5,tbgtz,Kamala,2024-09-29 22:04:54+00:00,0.99,/r/Kamala/comments/1fsg2eu/i_saw_this_cool_house/,False
32,1fs9ved,"He is so dumb. So, so dumb. ",https://v.redd.it/k6ot3g8sasrd1,,98,16,classy_dirt7777,Kamala,2024-09-29 17:34:38+00:00,0.97,/r/Kamala/comments/1fs9ved/he_is_so_dumb_so_so_dumb/,False
33,1fs6izh,No weirdos allowed,https://image.upilink.in/o3doxjrRQRn5w5I,,10,4,Realistic-Plant3957,Kamala,2024-09-29 15:09:49+00:00,0.99,/r/Kamala/comments/1fs6izh/no_weirdos_allowed/,False
34,1frxfx4,Harris and Trump Rallies Cold Open - SNL,https://www.youtube.com/watch?v=pg4Z1M_GjhQ,,16,2,mostly-sun,Kamala,2024-09-29 05:40:45+00:00,0.99,/r/Kamala/comments/1frxfx4/harris_and_trump_rallies_cold_open_snl/,False
35,1frx447,Life and Career of Kamala Harris ,https://youtu.be/tUZH5HAxPLQ,,0,1,Desi-Redditer,Kamala,2024-09-29 05:18:10+00:00,0.5,/r/Kamala/comments/1frx447/life_and_career_of_kamala_harris/,False
36,1frwt55,"Eighty-eight corporate leaders endorse Harris in new letter, including CEOs of Yelp, Box",https://www.cnbc.com/2024/09/06/harris-endorsed-trump-murdoch-yelp-snap-ripple.html,,113,3,takemusu,Kamala,2024-09-29 04:57:53+00:00,0.98,/r/Kamala/comments/1frwt55/eightyeight_corporate_leaders_endorse_harris_in/,False
37,1frw6nf,Statement from Vice President Harris on Hurricane Helene | The White House,https://www.whitehouse.gov/briefing-room/statements-releases/2024/09/28/statement-from-vice-president-harris-on-hurricane-helene/,,22,1,Strict-Marsupial6141,Kamala,2024-09-29 04:17:11+00:00,0.93,/r/Kamala/comments/1frw6nf/statement_from_vice_president_harris_on_hurricane/,False
38,1frt60u,The Implication,https://i.redd.it/16rgjgxsf8rd1.jpeg,,15,2,SoCalLynda,Kamala,2024-09-29 01:22:00+00:00,0.9,/r/Kamala/comments/1frt60u/the_implication/,False
39,1frt30w,CRIMINAL,https://i.redd.it/gw3f80xegnrd1.jpeg,"At best, Kamala's opponent is a false prophet; at worst, he is the Antichrist.

He admitted a few weeks ago at the Turning Point Action conference that he is not Christian.",200,12,SoCalLynda,Kamala,2024-09-29 01:17:17+00:00,0.98,/r/Kamala/comments/1frt30w/criminal/,False
40,1frsvow,Hard Work Is Good Work,https://i.redd.it/cws663vfenrd1.jpeg,"Volunteer to help get the vote out.
www.KamalaHarris.com",149,4,SoCalLynda,Kamala,2024-09-29 01:06:13+00:00,0.98,/r/Kamala/comments/1frsvow/hard_work_is_good_work/,False
41,1frsa2i,House of Cards,https://v.redd.it/ihby93tg8nrd1,,18,3,feast-of-folly,Kamala,2024-09-29 00:33:05+00:00,0.95,/r/Kamala/comments/1frsa2i/house_of_cards/,False
42,1frrb0r,Kamala for the People,https://v.redd.it/xpliw58czmrd1,,30,4,SoCalLynda,Kamala,2024-09-28 23:41:37+00:00,0.92,/r/Kamala/comments/1frrb0r/kamala_for_the_people/,False
43,1frr9su,Don the Con,https://i.redd.it/zijvft73wmrd1.jpeg,,40,2,SoCalLynda,Kamala,2024-09-28 23:39:53+00:00,0.98,/r/Kamala/comments/1frr9su/don_the_con/,False
44,1frm7qx,With all the things going on in the world: Republicans number one issue is banning porn,https://image.upilink.in/wZhF66PG3k19MN7,,32,11,Realistic-Plant3957,Kamala,2024-09-28 19:34:11+00:00,0.94,/r/Kamala/comments/1frm7qx/with_all_the_things_going_on_in_the_world/,False
45,1frfonr,Gov. Tim Walz x Anthony Ramos | Harris-Walz 2024,https://youtu.be/x4qP_8O5S78?si=WUMKLEESB9GLfUqO,,15,1,Plus-Bluejay-2024,Kamala,2024-09-28 14:37:23+00:00,0.85,/r/Kamala/comments/1frfonr/gov_tim_walz_x_anthony_ramos_harriswalz_2024/,False
46,1fretw7,"More women charged with pregnancy-related crimes since Roe's end, most cases in Alabama",https://www.apr.org/news/2024-09-24/more-women-charged-with-pregnancy-related-crimes-since-roes-end-most-cases-in-alabama,,60,2,dontblinkyoullmissme,Kamala,2024-09-28 13:55:25+00:00,0.98,/r/Kamala/comments/1fretw7/more_women_charged_with_pregnancyrelated_crimes/,False
47,1fr10ex,I Want ROUND TWO!,https://i.redd.it/xld7awecltqd1.jpeg,,21,2,SoCalLynda,Kamala,2024-09-27 23:23:47+00:00,0.92,/r/Kamala/comments/1fr10ex/i_want_round_two/,False
48,1fr0wvr,FEAR,https://i.redd.it/n94c740eqfrd1.gif,,10,2,SoCalLynda,Kamala,2024-09-27 23:18:56+00:00,0.81,/r/Kamala/comments/1fr0wvr/fear/,False
49,1fqzbu4,The Bootlicker‚Äôs Ballad,https://i.redd.it/067a4sigcfrd1.png,,3,1,feast-of-folly,Kamala,2024-09-27 22:01:10+00:00,0.71,/r/Kamala/comments/1fqzbu4/the_bootlickers_ballad/,False
50,1fqvssg,"Hey Fl, NC and Ga! ",https://i.redd.it/tyeu2gcu7crd1.jpeg,,92,1,Jazzlike_Sky497,Kamala,2024-09-27 19:22:05+00:00,0.98,/r/Kamala/comments/1fqvssg/hey_fl_nc_and_ga/,False
51,1fqu6l8,Pathetic,https://i.redd.it/1hwe9zld7erd1.jpeg,,159,5,SoCalLynda,Kamala,2024-09-27 18:10:36+00:00,0.97,/r/Kamala/comments/1fqu6l8/pathetic/,False
52,1fqu2xg,Keep up the pressure. He's becoming even more desperate and unhinged.,https://i.redd.it/u43eyyyk6erd1.jpeg,,50,2,SoCalLynda,Kamala,2024-09-27 18:06:08+00:00,0.97,/r/Kamala/comments/1fqu2xg/keep_up_the_pressure_hes_becoming_even_more/,False
53,1fqtjxr,HAPPY FRIDAY!  Need a little lift today?  Here you go‚Ä¶,https://youtu.be/OC4314zDttY,We are not going back!,8,2,Boxcars4Peace,Kamala,2024-09-27 17:43:48+00:00,0.79,/r/Kamala/comments/1fqtjxr/happy_friday_need_a_little_lift_today_here_you_go/,False
54,1fqrvev,Harris Just Slipped In Another Epically Shady Dig At Trump's Rally Crowd Sizes During Interview,https://www.comicsands.com/harris-msnbc-trump-small-rally-2669280805.html,,46,2,Blue_Wave2024,Kamala,2024-09-27 16:30:34+00:00,0.96,/r/Kamala/comments/1fqrvev/harris_just_slipped_in_another_epically_shady_dig/,False
55,1fqr5u5,Elon Musk admitting that he personally banned Ken Klippenstein‚Äôs account because it would have potentially hurt Trump‚Äôs chances of winning,https://image.upilink.in/WrSZCCVjW7WsE5d,,112,13,Realistic-Plant3957,Kamala,2024-09-27 16:00:11+00:00,0.94,/r/Kamala/comments/1fqr5u5/elon_musk_admitting_that_he_personally_banned_ken/,False
56,1fqosjh,All Americans,https://i.redd.it/70sawcpq1drd1.jpeg,,96,2,SoCalLynda,Kamala,2024-09-27 14:17:14+00:00,0.99,/r/Kamala/comments/1fqosjh/all_americans/,False
57,1fqoo1u,STAND UP for AMERICA!,https://i.redd.it/clrkk3br0drd1.jpeg,,31,8,SoCalLynda,Kamala,2024-09-27 14:11:43+00:00,0.86,/r/Kamala/comments/1fqoo1u/stand_up_for_america/,False
58,1fqodt3,Voter registration deadline is fast approaching!,https://i.redd.it/wl9q2kl2t7rd1.jpeg,,27,3,Spirited_Damage8529,Kamala,2024-09-27 13:59:15+00:00,0.99,/r/Kamala/comments/1fqodt3/voter_registration_deadline_is_fast_approaching/,False
59,1fqnfbw,"North Carolina removes 747,000 from voter rolls, citing ineligibility",https://thehill.com/homenews/campaign/4901476-north-carolina-purges-747k-voters/,CHECK YOUR VOTER STATUS ,82,6,UIUC202,Kamala,2024-09-27 13:13:57+00:00,0.98,/r/Kamala/comments/1fqnfbw/north_carolina_removes_747000_from_voter_rolls/,False
60,1fqm1h0,Mark Cuban Interested in SEC Chair Role if Harris Elected,https://www.bitdegree.org/crypto/news/mark-cuban-shows-interest-in-sec-chair-role-if-kamala-harris-elected?utm_source=reddit&utm_medium=social&utm_campaign=r-cuban-sec-chair-if-harris-elected,,49,17,webbs3,Kamala,2024-09-27 12:01:52+00:00,0.93,/r/Kamala/comments/1fqm1h0/mark_cuban_interested_in_sec_chair_role_if_harris/,False
61,1fqje6o,Honest Trump Ad,https://v.redd.it/jgb6y31n3ard1,,70,6,quite_odd2,Kamala,2024-09-27 09:00:56+00:00,0.97,/r/Kamala/comments/1fqje6o/honest_trump_ad/,False
62,1fqbhkz,The Purge: Trump,https://youtu.be/A68jGATa0DA?si=H2Y6RQObaJr6GDCG,,1,1,Extreme-Degree3775,Kamala,2024-09-27 00:38:43+00:00,0.55,/r/Kamala/comments/1fqbhkz/the_purge_trump/,False
63,1fq44vg,Tim Walz Reminds Students to Register to Vote | Harris-Walz 2024,https://youtu.be/yhnbvrll2FE?si=Z4d1bdOzMq4bcQUh,,35,1,Plus-Bluejay-2024,Kamala,2024-09-26 19:05:04+00:00,0.95,/r/Kamala/comments/1fq44vg/tim_walz_reminds_students_to_register_to_vote/,False
64,1fq3g64,Harris outspends Trump 3-to-1 as Wall Street cash floods in,https://fortune.com/2024/09/23/harris-outspending-trump-5-million-day-recent-donation-surge/,,53,1,takemusu,Kamala,2024-09-26 18:36:09+00:00,0.92,/r/Kamala/comments/1fq3g64/harris_outspends_trump_3to1_as_wall_street_cash/,False
65,1fq3d6h,Vice Pres. Harris & Ukrainian Pres. Zelensky Deliver Remarks at White House,https://www.c-span.org/video/?538730-1/vice-pres-harris-ukrainian-pres-zelensky-deliver-remarks-white-house,,16,1,Strict-Marsupial6141,Kamala,2024-09-26 18:32:42+00:00,0.9,/r/Kamala/comments/1fq3d6h/vice_pres_harris_ukrainian_pres_zelensky_deliver/,False
66,1fpz5uc,Senate Democrats launch first multimillion-dollar TV investments in Texas and Florida ,https://amp.cnn.com/cnn/2024/09/26/politics/senate-democrats-florida-texas-election,,122,4,Healthy_Block3036,Kamala,2024-09-26 15:36:59+00:00,0.98,/r/Kamala/comments/1fpz5uc/senate_democrats_launch_first_multimilliondollar/,False
67,1fpy3w8,"Freedom Over Fascism. Women (particularly Black women) taking the lead in pro-democracy politics. Instrumental in getting Kamala's campaign going quickly, consolidating power, and driving the narrative. Also, an invitation for women to run for office.",https://www.reddit.com/r/Kamala/comments/1fpy3w8/freedom_over_fascism_women_particularly_black/,"[Emily Cain and Stephanie Wilson discussing Black women's leadership in democratic politics and Kamala's campaign](https://reddit.com/link/1fpy3w8/video/njs5oqgz26rd1/player)

",39,1,NotUsefulDoc,Kamala,2024-09-26 14:53:32+00:00,1.0,/r/Kamala/comments/1fpy3w8/freedom_over_fascism_women_particularly_black/,False
68,1fpxjjp,Where Kamala Harris stands on 10 key issues,https://www.bbc.com/news/articles/cx924r4d5yno,,9,1,takemusu,Kamala,2024-09-26 14:28:56+00:00,0.86,/r/Kamala/comments/1fpxjjp/where_kamala_harris_stands_on_10_key_issues/,False
69,1fpww4w,Kamala Harris Gives 'Loser' Trump A Brutal Reminder About His Manufacturing Record,https://www.comicsands.com/kamala-harris-trump-manufacturing-losers-2669274992.html,,90,1,Blue_Wave2024,Kamala,2024-09-26 14:00:42+00:00,0.97,/r/Kamala/comments/1fpww4w/kamala_harris_gives_loser_trump_a_brutal_reminder/,False
70,1fpt5t4,Kamala Harris Pushes for US Leadership in Blockchain,https://www.bitdegree.org/crypto/news/kamala-harris-pushes-for-us-leadership-in-blockchain?utm_source=reddit&utm_medium=social&utm_campaign=r-harris-pushes-us-leadership-blockchain,,11,1,webbs3,Kamala,2024-09-26 10:41:41+00:00,0.87,/r/Kamala/comments/1fpt5t4/kamala_harris_pushes_for_us_leadership_in/,False
71,1fpo3v8,United States Announces Significant New Military Assistance for Ukraine,https://www.state.gov/united-states-announces-significant-new-military-assistance-for-ukraine-11/,,8,1,Strict-Marsupial6141,Kamala,2024-09-26 04:32:23+00:00,0.91,/r/Kamala/comments/1fpo3v8/united_states_announces_significant_new_military/,False
72,1fpnotg,Big tech will play the key role on Project 2025‚Äôs anti-abortion plans. Here‚Äôs how,https://project2025news.com/big-tech-will-play-the-key-role-on-project-2025s-anti-abortion-plans-heres-how/,,2,1,sayrkhan,Kamala,2024-09-26 04:07:04+00:00,1.0,/r/Kamala/comments/1fpnotg/big_tech_will_play_the_key_role_on_project_2025s/,False
73,1fpmz6s,"'VOTE BLUE""- US Air Force Vet TEARS INTO Trump And Urges We End The MAGA Nightmare And Project 2025",https://youtu.be/Ty9MklqxfeY?si=zcHsd82wWgGds3N7,"üá∫üá∏ As a proud U.S. Air Force Veteran, Steve Trexler is voting for @KamalaHarris and @TimWalz to put an end to the MAGA nightmare and Project 2025:

Trump is a ""clear and present danger to our democracy and national security.""
",3,1,JimCripe,Kamala,2024-09-26 03:25:49+00:00,1.0,/r/Kamala/comments/1fpmz6s/vote_blue_us_air_force_vet_tears_into_trump_and/,False
74,1fpmurc,Mark Cuban leaves Trump PANICKING with brilliant attack,https://youtu.be/I_PrIqs5rls?si=eB6uJZS6hGAg6ah0,"Mark Cuban SINKS Trump ON FOX NEWS,  endorsing Kamala.",30,1,JimCripe,Kamala,2024-09-26 03:18:32+00:00,1.0,/r/Kamala/comments/1fpmurc/mark_cuban_leaves_trump_panicking_with_brilliant/,False
75,1fpl6sg,Tim Walz: Don't Skip the Apple Cider Donuts | Harris-Walz 2024,https://youtu.be/kDZ_Zpx-P8w?si=p8B4gR3jBKySFaHy,,9,1,Plus-Bluejay-2024,Kamala,2024-09-26 01:48:09+00:00,0.91,/r/Kamala/comments/1fpl6sg/tim_walz_dont_skip_the_apple_cider_donuts/,False
76,1fpf4k4,"Kamala Harris endorsed by over 400 economists, former policymakers",https://thehill.com/homenews/campaign/4895899-kamala-harris-economists-former-policymakers-endorsement/?utm_source=substack&utm_medium=email,,134,2,Free_Swimming,Kamala,2024-09-25 20:57:39+00:00,0.99,/r/Kamala/comments/1fpf4k4/kamala_harris_endorsed_by_over_400_economists/,False
77,1fpc7gc,"LIVE: Kamala Harris delivers major speech on the economy in Pittsburgh
",https://www.youtube.com/watch?v=uq-zTQl83nw,,31,4,Strict-Marsupial6141,Kamala,2024-09-25 18:54:11+00:00,0.97,/r/Kamala/comments/1fpc7gc/live_kamala_harris_delivers_major_speech_on_the/,False
78,1fp9j92,A ONE-MAN CRIME WAVE,https://i.redd.it/76za9qlflzqd1.jpeg,"Additionally, Kamala Harris' opponent is awaiting trial in relation to three more criminal indictments, including one that is likely to be restored after being previously dismissed in a corrupt way by a judge who Trump, himself, appointed.",71,3,SoCalLynda,Kamala,2024-09-25 17:02:39+00:00,0.97,/r/Kamala/comments/1fp9j92/a_oneman_crime_wave/,False
79,1fp9cev,Sam Elliott Drops The F-Bomb In Fiery New Video Supporting Harris‚ÄîAnd Fans Are Fired Up,https://www.comicsands.com/sam-elliott-harris-f-bomb-2669264489.html,,135,3,Blue_Wave2024,Kamala,2024-09-25 16:55:13+00:00,0.99,/r/Kamala/comments/1fp9cev/sam_elliott_drops_the_fbomb_in_fiery_new_video/,False
80,1fp845z,"""Vice President Kamala Harris continues to hold slightly more voter support than former President Donald Trump in the 2024 race for president. Trump‚Äôs support is virtually unchanged from his levels when Biden was in the race from Monmouth polling going back a year.""",https://www.monmouth.edu/polling-institute/reports/monmouthpoll_us_091724/,,37,2,Strict-Marsupial6141,Kamala,2024-09-25 16:04:18+00:00,1.0,/r/Kamala/comments/1fp845z/vice_president_kamala_harris_continues_to_hold/,False
81,1fp7eoc,Increasing support from young male voters ,https://www.reddit.com/r/Kamala/comments/1fp7eoc/increasing_support_from_young_male_voters/,"I've been thinking a lot about the disconnect between young male voters and Kamala Harris' campaign. These voters are new to politics, they may be less informed, and often they are not as wealthy as the typical Reddit user. Many among them we simply cannot reach, however the one's we can reach, have some really important characteristics:

1. They love their mothers, sisters, aunts, wives/girlfriends. The women in their lives are important to them.

2. When they hear lies like ""after birth abortion"" they don't know how to respond. They might agree in the moment just because they don't know. However, if we talk to them with empathy, they will listen.

3. They are still figuring out what what kind of men they want to be. This is going to be a long process for them.

So what can we do about it?

I think we need to remind them of that love they hold for the women in their lives. Remind them of how much they care and how far they willing to go to protect the women they care about.

As for political lies, we can keep presenting them with clear facts about abortion, women's health care, and reproductive needs. We can also work to better provide real time fact checking to political lies as they happen. Don't let the lies breathe, counter them on the spot.

As for examples, we can lean more into Tim Walz. As a veteran, husband, and father, he will appeal to their own images of themselves while demonstrating what it means to be a man who supports Kamala Harris. We can also bring in more Gen X and older men are presenting similar examples.

These men need role models, us men who support Kamala Harris can be those role models.

What do you all think?",11,8,true_enthusiast,Kamala,2024-09-25 15:35:08+00:00,0.93,/r/Kamala/comments/1fp7eoc/increasing_support_from_young_male_voters/,False
82,1fp78ll,Harris to More Fully Detail Economic Plans,https://www.nytimes.com/2024/09/24/us/politics/harris-economy.html,,63,9,Strict-Marsupial6141,Kamala,2024-09-25 15:27:59+00:00,0.96,/r/Kamala/comments/1fp78ll/harris_to_more_fully_detail_economic_plans/,False
83,1fp6wb5,U.S. Remains Committed to Israel's Security Following Weekend Attacks,https://www.defense.gov/News/News-Stories/Article/Article/3914752/us-remains-committed-to-israels-security-following-weekend-attacks/,,5,1,Strict-Marsupial6141,Kamala,2024-09-25 15:14:00+00:00,1.0,/r/Kamala/comments/1fp6wb5/us_remains_committed_to_israels_security/,False
84,1fp64k8,"FACT SHEET: Biden-Harris Administration Announces New Investments to Protect Freshwater Resources, Enhance Drought and Climate Resilience",https://www.whitehouse.gov/briefing-room/statements-releases/2024/09/25/fact-sheet-biden-%e2%81%a0harris-administration-announces-new-investments-to-protect-freshwater-resources-enhance-drought-and-climate-resilience/,,29,1,Strict-Marsupial6141,Kamala,2024-09-25 14:42:34+00:00,1.0,/r/Kamala/comments/1fp64k8/fact_sheet_bidenharris_administration_announces/,False
85,1fotk1s,Trump Cheered When Russia Hacked Hillary Clinton's Emails. Now His Embarrassing Documents Have Been Stolen by Iranian Hackers,https://www.reddit.com/r/Kamala/comments/1fotk1s/trump_cheered_when_russia_hacked_hillary_clintons/,"
https://futurism.com/donald-trump-iran-hack-hillary-clinton-russia

s/BanishTrump 

",87,1,StratHistory,Kamala,2024-09-25 02:01:22+00:00,0.99,/r/Kamala/comments/1fotk1s/trump_cheered_when_russia_hacked_hillary_clintons/,False
86,1foq2c0,Jennifer Lawrence endorses Harris ,https://people.com/jennifer-lawrence-endorses-kamala-harris-womens-rights-documentaries-exclusive-8717082?taid=66f2e3e4bb8dff0001658a79&utm_campaign=peoplemagazine&utm_content=new&utm_medium=social&utm_source=twitter.com,,218,5,takemusu,Kamala,2024-09-24 23:06:29+00:00,0.99,/r/Kamala/comments/1foq2c0/jennifer_lawrence_endorses_harris/,False
87,1fona8h,Trump's Social Media Stock Just Plummeted‚ÄîAnd The Harris Campaign Is Trolling Him Hard,https://www.comicsands.com/harris-campaign-trump-media-stock-2669262451.html,,141,6,Blue_Wave2024,Kamala,2024-09-24 21:01:10+00:00,0.99,/r/Kamala/comments/1fona8h/trumps_social_media_stock_just_plummetedand_the/,False
88,1fofdt4,This is the saddest thing you've ever read. No wonder Elon wants to get rid of the block function.,https://image.upilink.in/7XepwTCTO48Qe3r,,46,5,Realistic-Plant3957,Kamala,2024-09-24 15:33:24+00:00,0.94,/r/Kamala/comments/1fofdt4/this_is_the_saddest_thing_youve_ever_read_no/,False
89,1foes5w,Common Sense | Harris-Walz 2024,https://youtu.be/maV7hlF_ufQ?si=dGg2p0npOhsUHGUC,,9,1,Plus-Bluejay-2024,Kamala,2024-09-24 15:07:54+00:00,0.84,/r/Kamala/comments/1foes5w/common_sense_harriswalz_2024/,False
90,1foeqf2,"When you see questions about fracking or comments that a journalist ""doesn't know what Kamala plans,"" it's a trap and its disingenuous. www.freedomoverfascism.us",http://www.freedomoverfascism.us,,31,1,NotUsefulDoc,Kamala,2024-09-24 15:05:53+00:00,0.93,/r/Kamala/comments/1foeqf2/when_you_see_questions_about_fracking_or_comments/,False
91,1foe7c0,Kamala's opponent is the oldest nominee for president in U.S. history; he is older than the average life span of an American male.,https://i.redd.it/b4ttm1irrrqd1.jpeg,"No one wants a President J.D. Vance.
",165,31,SoCalLynda,Kamala,2024-09-24 14:43:53+00:00,0.98,/r/Kamala/comments/1foe7c0/kamalas_opponent_is_the_oldest_nominee_for/,False
92,1fodr43,"Teamsters representing GA, FL, AL endorse Harris-Walz!!!",https://i.redd.it/85mtub0borqd1.jpeg,,162,5,Plus-Bluejay-2024,Kamala,2024-09-24 14:24:30+00:00,0.98,/r/Kamala/comments/1fodr43/teamsters_representing_ga_fl_al_endorse_harriswalz/,False
93,1fodabp,The feathers are falling off this bird.,https://i.redd.it/znsryizlkrqd1.jpeg,"The orange chicken turns a cowardly yellow whenever he faces Kamala Harris.

Keep up the pressure. And, volunteer at www.KamalaHarris.com",35,2,SoCalLynda,Kamala,2024-09-24 14:03:48+00:00,0.93,/r/Kamala/comments/1fodabp/the_feathers_are_falling_off_this_bird/,False
94,1focgla,"Melania got paid $237,500 for speaking at a Trump fundraiser",https://www.reddit.com/r/Kamala/comments/1focgla/melania_got_paid_237500_for_speaking_at_a_trump/,No other spouse has ever been paid for helping raise money for their spouse in the history of the US.  And they won't divulge where the money came from.  The corruption just never stops.   ,131,12,ballsdeepinmywine,Kamala,2024-09-24 13:27:01+00:00,0.97,/r/Kamala/comments/1focgla/melania_got_paid_237500_for_speaking_at_a_trump/,False
95,1fo0dug,weakness,https://i.redd.it/2yru67fojnqd1.jpeg,,51,1,SoCalLynda,Kamala,2024-09-24 00:58:45+00:00,0.93,/r/Kamala/comments/1fo0dug/weakness/,False
96,1fno81m,Kamala Harris Answers The Web's Most Searched Questions | WIRED,https://youtu.be/u9-cjwpthz4?si=8PxvOa9UHcUOC26E,,21,1,JimCripe,Kamala,2024-09-23 16:09:42+00:00,0.87,/r/Kamala/comments/1fno81m/kamala_harris_answers_the_webs_most_searched/,False
97,1fnnspj,"Fact Check: Report on Progress Made to Reduce Gun Violence One Year After Creating White House Office of Gun Violence Prevention
",https://www.whitehouse.gov/briefing-room/statements-releases/2024/09/23/fact-sheet-preisdent-biden-and-vice-president-harris-issue-report-on-progress-made-to-reduce-gun-violence-one-year-after-creating-white-house-office-of-gun-violence-prevention/,,6,1,Strict-Marsupial6141,Kamala,2024-09-23 15:52:07+00:00,0.72,/r/Kamala/comments/1fnnspj/fact_check_report_on_progress_made_to_reduce_gun/,False
98,1fnm38a,Republicans back this man and then accuse the left of anti-semitism ü§°,https://i.redd.it/ec1m40memkqd1.jpeg,,96,1,dontblinkyoullmissme,Kamala,2024-09-23 14:41:24+00:00,0.97,/r/Kamala/comments/1fnm38a/republicans_back_this_man_and_then_accuse_the/,False
99,1fnkjvc,"Montana Secretary of State Christi Jacobsen left Kamala Harris' name OFF the absentee ballot! Only Trump and RFK Jr. were offered as presidential options, voting had gone live.",https://dailyinterlake.com/news/2024/sep/20/ballot-error-shuts-down-montana-online-absentee-voting-system/,,135,22,My1Thought,Kamala,2024-09-23 13:33:15+00:00,0.98,/r/Kamala/comments/1fnkjvc/montana_secretary_of_state_christi_jacobsen_left/,False
100,1fnhwhq,Choose Change,https://youtu.be/COTJMJRFX2w?si=h_X-Yd280kDrn5g_,"There‚Äôs two sides, but only one that represents real change in this election: Kamala Harris
 ",19,2,JimCripe,Kamala,2024-09-23 11:14:49+00:00,0.88,/r/Kamala/comments/1fnhwhq/choose_change/,False
101,1fnewcw,Kamala Harris Speaks on Crypto for the First Time,https://www.bitdegree.org/crypto/news/kamala-harris-speaks-on-crypto-for-the-first-time-during-presidential-campaign?utm_source=reddit&utm_medium=social&utm_campaign=r-harris-speaks-about-crypto-first-time,,1,2,webbs3,Kamala,2024-09-23 07:32:23+00:00,0.55,/r/Kamala/comments/1fnewcw/kamala_harris_speaks_on_crypto_for_the_first_time/,False
102,1fneckl,What should we expect from Vance during the debate?,https://www.reddit.com/r/Kamala/comments/1fneckl/what_should_we_expect_from_vance_during_the_debate/,"A little nervous about it, as he can restrain himself-unlike Trump. I'm also trying not to underestimate him. However, I find him difficult to read.",18,40,SpiritualMedicine7,Kamala,2024-09-23 06:50:54+00:00,0.83,/r/Kamala/comments/1fneckl/what_should_we_expect_from_vance_during_the_debate/,False
103,1fnd2wl,San Carlos Apache Tribal Council Endorses Harris-Walz Campaign,https://nativenewsonline.net/currents/san-carlos-apache-tribal-council-endorses-harris-walz-campaign,,23,1,takemusu,Kamala,2024-09-23 05:18:55+00:00,0.89,/r/Kamala/comments/1fnd2wl/san_carlos_apache_tribal_council_endorses/,False
104,1fncyzb,Mark Robinson meets Martin Luther King,https://www.youtube.com/watch?v=p2wjfnsbYy8&ab_channel=randombizznis,,1,1,WillCle216,Kamala,2024-09-23 05:11:18+00:00,0.57,/r/Kamala/comments/1fncyzb/mark_robinson_meets_martin_luther_king/,False
105,1fn5f8p,Best Sign Ever in Pittsburgh!,https://i.redd.it/3m28wf7bsfqd1.jpeg,"Looking for a Hail Mary in November!

",106,3,lefindecheri,Kamala,2024-09-22 22:25:36+00:00,0.97,/r/Kamala/comments/1fn5f8p/best_sign_ever_in_pittsburgh/,False
106,1fn11yr,A NATIONAL DISGRACE,https://i.redd.it/edpswu4kn8qd1.jpeg,,92,1,SoCalLynda,Kamala,2024-09-22 19:13:42+00:00,0.97,/r/Kamala/comments/1fn11yr/a_national_disgrace/,False
107,1fn11a5,"At best, Trump is a false prophet; at worst, he is the Antichrist.",https://i.redd.it/nwdb5boiteqd1.jpeg,,37,8,SoCalLynda,Kamala,2024-09-22 19:12:49+00:00,0.89,/r/Kamala/comments/1fn11a5/at_best_trump_is_a_false_prophet_at_worst_he_is/,False
108,1fn0nyn,Biden-Harris Administration Announces $90 Million to Accelerate Building Code Adoption and Save Americans Money,https://www.energy.gov/articles/biden-harris-administration-announces-90-million-accelerate-building-code-adoption-and,,37,1,Strict-Marsupial6141,Kamala,2024-09-22 18:56:58+00:00,0.92,/r/Kamala/comments/1fn0nyn/bidenharris_administration_announces_90_million/,False
109,1fmxk29,Deportation Requires a Foreign Country that Is Willing to Cooperate,https://i.redd.it/i7vbom0xt8qd1.jpeg,,48,2,SoCalLynda,Kamala,2024-09-22 16:40:55+00:00,0.94,/r/Kamala/comments/1fmxk29/deportation_requires_a_foreign_country_that_is/,False
110,1fmx7e5,Statement from Vice President Harris on the Anniversary of the White House Office of Gun Violence Prevention,https://www.whitehouse.gov/briefing-room/statements-releases/2024/09/22/statement-from-vice-president-harris-on-the-anniversary-of-the-white-house-office-of-gun-violence-prevention/,,2,1,Strict-Marsupial6141,Kamala,2024-09-22 16:25:24+00:00,0.66,/r/Kamala/comments/1fmx7e5/statement_from_vice_president_harris_on_the/,False
111,1fmwk50,i'll watch either way,https://image.upilink.in/A3LUzlaniQmNJob,,2,1,Realistic-Plant3957,Kamala,2024-09-22 15:56:51+00:00,0.75,/r/Kamala/comments/1fmwk50/ill_watch_either_way/,False
112,1fmwhri,How ever bad you think it is‚Ä¶it‚Äôs worse,https://imghoster.co/7x7wJbdaHODgWd8,,5,1,RaouR,Kamala,2024-09-22 15:53:58+00:00,0.7,/r/Kamala/comments/1fmwhri/how_ever_bad_you_think_it_isits_worse/,False
113,1fmue28,kamalayonce ü§©,https://v.redd.it/l563ph7il1qd1,,1,1,Whole-Ad-1768,Kamala,2024-09-22 14:20:37+00:00,0.6,/r/Kamala/comments/1fmue28/kamalayonce/,False
114,1fmu7lg,Trump Calls MSNBC Host A 'Bimbo' After She Makes Case For Voting Against Him,https://www.huffpost.com/entry/donald-trump-stephanie-ruhle-bill-maher-bimbo_n_66e5b40fe4b0e9e4c582b6a6,,68,6,Strict-Marsupial6141,Kamala,2024-09-22 14:12:24+00:00,0.96,/r/Kamala/comments/1fmu7lg/trump_calls_msnbc_host_a_bimbo_after_she_makes/,False
115,1fmra1g,"Trump being horrible, as always, thinking kids are aborted after birth ",https://imghoster.co/MXD1lNWXpk48gP9,,20,5,RaouR,Kamala,2024-09-22 11:41:17+00:00,0.89,/r/Kamala/comments/1fmra1g/trump_being_horrible_as_always_thinking_kids_are/,False
116,1fmr5jx,The party of family values my ass,https://imghoster.co/0Zge3duRo3hCFsw,,6,1,RaouR,Kamala,2024-09-22 11:33:47+00:00,0.72,/r/Kamala/comments/1fmr5jx/the_party_of_family_values_my_ass/,False
117,1fmr3w9,"How much do you want to bet that Diddy is going to snitch on Trump?
",https://imghoster.co/en/9SSrEG1sL7ggKau,,155,20,RaouR,Kamala,2024-09-22 11:30:55+00:00,0.97,/r/Kamala/comments/1fmr3w9/how_much_do_you_want_to_bet_that_diddy_is_going/,False
118,1fmr0c6,In the event you needed more incentive to vote for Kamala Harris.,https://imghoster.co/en/aufVETOpsUzLuV5,,23,6,RaouR,Kamala,2024-09-22 11:24:39+00:00,0.96,/r/Kamala/comments/1fmr0c6/in_the_event_you_needed_more_incentive_to_vote/,False
119,1fmqw3m,Trump is a demented weirdo  ,https://imghoster.co/en/7NgZ3OecBrlmMQT,,15,2,RaouR,Kamala,2024-09-22 11:17:06+00:00,0.93,/r/Kamala/comments/1fmqw3m/trump_is_a_demented_weirdo/,False
120,1fmqun9,Dumbest president in US history ,https://imghoster.co/en/3f52Cx2ptY2aF6U,,28,1,RaouR,Kamala,2024-09-22 11:14:32+00:00,0.9,/r/Kamala/comments/1fmqun9/dumbest_president_in_us_history/,False
121,1fme5li,"Trump raped a 13 year old girl in 1994. Here is that girl, Katie Johnson, at the age of 35 giving a full description of what Trump did to her",https://www.youtube.com/watch?v=gnib-OORRRo,,159,11,dartie,Kamala,2024-09-21 22:04:47+00:00,0.99,/r/Kamala/comments/1fme5li/trump_raped_a_13_year_old_girl_in_1994_here_is/,False
122,1fmcysi,"WISCONSIN: You can request an absentee ballot and vote for presidential, Senate, House, and down-ballot candidates RIGHT NOW...",https://i.redd.it/35cjjjs098qd1.jpeg,,31,3,Plus-Bluejay-2024,Kamala,2024-09-21 21:07:31+00:00,0.94,/r/Kamala/comments/1fmcysi/wisconsin_you_can_request_an_absentee_ballot_and/,False
123,1fmb7gl,Kamala accepted second debate,https://image.upilink.in/32YoKMQtMPAKUpl,,99,16,Realistic-Plant3957,Kamala,2024-09-21 19:46:03+00:00,0.98,/r/Kamala/comments/1fmb7gl/kamala_accepted_second_debate/,False
124,1fmaed2,Where is her Oprah interview?,https://www.reddit.com/r/Kamala/comments/1fmaed2/where_is_her_oprah_interview/,,5,2,ClearlyUnderstood69,Kamala,2024-09-21 19:08:12+00:00,0.78,/r/Kamala/comments/1fmaed2/where_is_her_oprah_interview/,False
125,1fltow8,"Harris, With an Online Avalanche, Outspends Trump by Tens of Millions",https://www.nytimes.com/2024/09/20/us/politics/kamala-harris-trump-campaign-spending.html?campaign_id=9&emc=edit_nn_20240920&instance_id=134806&nl=the-morning&regi_id=53831380&segment_id=178346&te=1&user_id=fe5d662adf685ae9dedd7464c832fcdf,,111,2,Free_Swimming,Kamala,2024-09-21 03:10:59+00:00,1.0,/r/Kamala/comments/1fltow8/harris_with_an_online_avalanche_outspends_trump/,False
126,1flr9fh,Trump ramps up push for Nebraska to change electoral vote allocation,https://www.washingtonpost.com/politics/2024/09/20/nebraska-electoral-college-trump-omaha/,,3,1,Strict-Marsupial6141,Kamala,2024-09-21 00:53:33+00:00,1.0,/r/Kamala/comments/1flr9fh/trump_ramps_up_push_for_nebraska_to_change/,False
127,1flpjan,Client wanted a decal...,https://i.redd.it/0wr3z7a4t1qd1.jpeg,,53,16,Nojmore,Kamala,2024-09-20 23:25:14+00:00,0.84,/r/Kamala/comments/1flpjan/client_wanted_a_decal/,False
128,1flphqj,"Remarks by Vice President Harris at a Campaign Event | Atlanta, GA",https://www.whitehouse.gov/briefing-room/speeches-remarks/2024/09/20/remarks-by-vice-president-harris-at-a-campaign-event-atlanta-ga-2/,,1,1,Strict-Marsupial6141,Kamala,2024-09-20 23:22:58+00:00,1.0,/r/Kamala/comments/1flphqj/remarks_by_vice_president_harris_at_a_campaign/,False
129,1flmjwb,OPINION: I co-chaired Nikki Haley's Iowa campaign. I am endorsing Kamala Harris.,https://www.desmoinesregister.com/story/opinion/columnists/iowa-view/2024/09/20/republicans-for-kamala-harris-dawn-roberts-iowa-campaign-nikki-haley/75306017007/,,53,1,LadyWinterSnow22,Kamala,2024-09-20 21:04:01+00:00,0.99,/r/Kamala/comments/1flmjwb/opinion_i_cochaired_nikki_haleys_iowa_campaign_i/,False
130,1flltpc,"Emails reveal Georgia Election Integrity Coalition, a group of officials and election deniers, coordinating in swing state",https://image.upilink.in/cgY53AiqLRCLJg6,,38,2,Realistic-Plant3957,Kamala,2024-09-20 20:32:08+00:00,0.96,/r/Kamala/comments/1flltpc/emails_reveal_georgia_election_integrity/,False
131,1flkkhf,ü§åüèøü§åüèøü§åüèøü§åüèøü§åüèø,https://i.redd.it/vp31hwsgo0qd1.jpeg,,172,6,Suspect118,Kamala,2024-09-20 19:37:21+00:00,0.98,/r/Kamala/comments/1flkkhf/_/,False
132,1fljbb7,WATCH LIVE: Harris speaks about abortion rights at Atlanta campaign rally,https://www.pbs.org/newshour/politics/watch-live-harris-speaks-about-abortion-rights-at-atlanta-campaign-rally,,28,4,Strict-Marsupial6141,Kamala,2024-09-20 18:43:12+00:00,0.97,/r/Kamala/comments/1fljbb7/watch_live_harris_speaks_about_abortion_rights_at/,False
133,1flio24,Swift endorsement mobilizes over 3X more voters than Biden,https://fortune.com/2024/09/20/taylor-swift-kamala-harris-joe-biden-endorsement-mobilize-voter-registration/,,183,9,Strict-Marsupial6141,Kamala,2024-09-20 18:14:53+00:00,0.99,/r/Kamala/comments/1flio24/swift_endorsement_mobilizes_over_3x_more_voters/,False
134,1fli51f,Kamala‚Äôs team made sure to place this billboard where Trump would see it on his way to the debate. ,https://i.redd.it/qihaid8s50qd1.jpeg,"If you‚Äôre curious why the pretzel is shaped like that, it is a Wawa pretzel. Wawa has a huge presence in Pennsylvania, where the debate took place. I just love the attention to detail ü•®",50,2,dontblinkyoullmissme,Kamala,2024-09-20 17:52:35+00:00,0.99,/r/Kamala/comments/1fli51f/kamalas_team_made_sure_to_place_this_billboard/,False
135,1fleb5s,"Music producer here. I've been really inspired by Kamala, her message, and her campaign, so I made some music and put this video together!",https://www.youtube.com/watch?v=MBmWZbOoPQc,,22,1,dep,Kamala,2024-09-20 15:09:13+00:00,0.99,/r/Kamala/comments/1fleb5s/music_producer_here_ive_been_really_inspired_by/,False
136,1flcgkk,Secretary Blinken‚Äôs Paris Meeting with Quint Representatives,https://www.state.gov/secretary-blinkens-paris-meeting-with-quint-representatives/,,2,4,Strict-Marsupial6141,Kamala,2024-09-20 13:48:41+00:00,0.75,/r/Kamala/comments/1flcgkk/secretary_blinkens_paris_meeting_with_quint/,False
137,1fl5kpb,"Honestly, I feel like Kamala and her administration when they win ...cause she will:) should seriously make funding available for people who need seek professional help ! I feel like so many people are caught up in this MAGA cult ! They need de programing . It's really scary .",https://www.reddit.com/r/Kamala/comments/1fl5kpb/honestly_i_feel_like_kamala_and_her/,,58,22,love20031983,Kamala,2024-09-20 06:26:00+00:00,0.92,/r/Kamala/comments/1fl5kpb/honestly_i_feel_like_kamala_and_her/,False
138,1fl4lzw,"Donald Trump, a 78-year-old man, who is candidate for President of the United States, screams in all caps, ‚ÄúI hate Taylor Swift!‚Äù. There is nothing normal about this.",https://imghoster.co/no4DCqX0EeUaIMq,,81,5,RaouR,Kamala,2024-09-20 05:17:46+00:00,0.99,/r/Kamala/comments/1fl4lzw/donald_trump_a_78yearold_man_who_is_candidate_for/,False
139,1fl4jst,The only people currently running for president who appear on Epstein's flight logs:,https://imghoster.co/11KTe36DvFRe5Aa,,41,1,RaouR,Kamala,2024-09-20 05:13:45+00:00,0.99,/r/Kamala/comments/1fl4jst/the_only_people_currently_running_for_president/,False
140,1fl4fh9,Taylor Swift broke him,https://imghoster.co/amSR7BPZh7ol8sS,,8,1,RaouR,Kamala,2024-09-20 05:05:46+00:00,0.82,/r/Kamala/comments/1fl4fh9/taylor_swift_broke_him/,False
141,1fl3zz3,"Fun fact: Donald Trump is the dumbest president America has ever had.
",https://imghoster.co/en/3f52Cx2ptY2aF6U?utm_source=reddit&utm_medium=kamala,,165,13,RaouR,Kamala,2024-09-20 04:38:43+00:00,0.97,/r/Kamala/comments/1fl3zz3/fun_fact_donald_trump_is_the_dumbest_president/,False
142,1fl13qu,"Choose Hope, Not Hate",https://www.reddit.com/r/Kamala/comments/1fl13qu/choose_hope_not_hate/,,6,1,feverfaucet,Kamala,2024-09-20 01:55:18+00:00,0.88,/r/Kamala/comments/1fl13qu/choose_hope_not_hate/,False
143,1fkzcsy,"LIVE: Kamala Harris, Oprah Winfrey hold virtual campaign event with celebrity guests",https://www.youtube.com/live/84oC-KaaNv4,,5,4,giantyetifeet,Kamala,2024-09-20 00:24:08+00:00,0.85,/r/Kamala/comments/1fkzcsy/live_kamala_harris_oprah_winfrey_hold_virtual/,True
144,1fkz6e8,"Representative Jasmine Crockett absolutely rips into the GOP and Heritage Foundation at today‚Äôs House Oversight meeting, and it is GLORIOUS. (Video link in the body text)",https://image.upilink.in/5blWmdhms1w52Cu,,102,11,Realistic-Plant3957,Kamala,2024-09-20 00:14:55+00:00,0.99,/r/Kamala/comments/1fkz6e8/representative_jasmine_crockett_absolutely_rips/,False
145,1fkyw5q,What do you want to see in the Walz verses Vance debate?,https://www.reddit.com/r/Kamala/comments/1fkyw5q/what_do_you_want_to_see_in_the_walz_verses_vance/,"For Vance, I am really hoping he still defends his crazy conspiracy theories. ",5,17,SpiritualMedicine7,Kamala,2024-09-20 00:00:45+00:00,0.85,/r/Kamala/comments/1fkyw5q/what_do_you_want_to_see_in_the_walz_verses_vance/,False
146,1fkv1a1,Bored people walking out on Trump rally!,https://v.redd.it/wholhas07opd1,,132,13,CarNo8607,Kamala,2024-09-19 21:01:28+00:00,0.97,/r/Kamala/comments/1fkv1a1/bored_people_walking_out_on_trump_rally/,False
147,1fkt4dw,"Bogus hit-and-run story about Vice President Kamala Harris created by Russian troll farm, Microsoft says",https://www.cbsnews.com/news/bogus-story-kamala-harris-paralyzed-teen-russia-disinformation-microsoft/,,27,1,Plus-Bluejay-2024,Kamala,2024-09-19 19:28:52+00:00,0.96,/r/Kamala/comments/1fkt4dw/bogus_hitandrun_story_about_vice_president_kamala/,False
148,1fkslul,"Fighting for Truth, Justice, and the American Way",https://i.redd.it/ftnuyef5ctpd1.png,,47,2,SoCalLynda,Kamala,2024-09-19 18:55:50+00:00,0.96,/r/Kamala/comments/1fkslul/fighting_for_truth_justice_and_the_american_way/,False
149,1fkscm7,Bad Blood,https://youtu.be/60CX99pCUzo?si=9e3GsxCsL8BHwmn0,"George Clooney, Mark Hamill, Mark Cuban, & countless other celebrities have shown support for Kamala Harris. 

So why does Trump only 'hate' Taylor Swift? Because he hates accomplished, successful women who oppose him.
",3,1,JimCripe,Kamala,2024-09-19 18:45:16+00:00,0.8,/r/Kamala/comments/1fkscm7/bad_blood/,False
150,1fksbej,Walz meets families of U.S. hostages held in Gaza,https://www.axios.com/2024/09/19/walz-meet-gaza-hostage-families,,15,1,champdo,Kamala,2024-09-19 18:43:49+00:00,0.93,/r/Kamala/comments/1fksbej/walz_meets_families_of_us_hostages_held_in_gaza/,False
151,1fkrp0e,Do You Want a President J.D. Vance?,https://i.redd.it/5ox4i3j95tpd1.jpeg,Trump is the oldest nominee for president in American history; he is older than the average life span of an American male.,51,3,SoCalLynda,Kamala,2024-09-19 18:17:13+00:00,0.93,/r/Kamala/comments/1fkrp0e/do_you_want_a_president_jd_vance/,False
152,1fkopc9,Kamala Brings the Joy,https://i.redd.it/vi1edbc0jspd1.jpeg,,26,1,SoCalLynda,Kamala,2024-09-19 16:13:27+00:00,0.91,/r/Kamala/comments/1fkopc9/kamala_brings_the_joy/,False
153,1fkoax7,Video Of Tim Walz Winning Over A Bunch Of Undecided Frat Bros Has Democrats Cheering,https://www.comicsands.com/tim-walz-frat-bros-harris-2669232367.html,,159,8,Blue_Wave2024,Kamala,2024-09-19 15:57:08+00:00,0.98,/r/Kamala/comments/1fkoax7/video_of_tim_walz_winning_over_a_bunch_of/,False
154,1fkkqls,There was no audience at the debate.,https://image.upilink.in/0LvoNcCaQyadfnk,,43,5,Realistic-Plant3957,Kamala,2024-09-19 13:23:13+00:00,0.99,/r/Kamala/comments/1fkkqls/there_was_no_audience_at_the_debate/,False
155,1fkihfx,TRUMP: I love Diddy,https://imghoster.co/en/9yRDZ1hfXPksmrR?utm_source=reddit&utm_medium=kamala,,51,4,RaouR,Kamala,2024-09-19 11:27:37+00:00,0.96,/r/Kamala/comments/1fkihfx/trump_i_love_diddy/,False
156,1fkgf4p,Hi Trump supporters,https://imghoster.co/en/pS1iQXc0LyQq6LF?utm_source=r-kamala,,1,1,RaouR,Kamala,2024-09-19 09:04:32+00:00,0.56,/r/Kamala/comments/1fkgf4p/hi_trump_supporters/,False
157,1fkftgq,"Stacey Abrams to Host 'Women of Star Trek for Kamala' Zoom Call Featuring Jeri Ryan, Kate Mulgrew and More",https://www.thewrap.com/stacey-abrams-to-host-women-of-star-trek-kamala-harris-call/,,11,1,Free_Swimming,Kamala,2024-09-19 08:17:24+00:00,0.87,/r/Kamala/comments/1fkftgq/stacey_abrams_to_host_women_of_star_trek_for/,False
158,1fkfe0d,"No black or brown people, and we drive on the left in Trump's future?
",https://imghoster.co/en/9gwEcnCtMczuGfr?utm_source=r-kamala,,2,1,RaouR,Kamala,2024-09-19 07:43:23+00:00,0.63,/r/Kamala/comments/1fkfe0d/no_black_or_brown_people_and_we_drive_on_the_left/,False
159,1fkevgt,Haitian migrants in Springfield arrived under Trump ,https://imghoster.co/en/7gWWKDI9Q7zSAhP?utm_source=r-kamala,,7,2,RaouR,Kamala,2024-09-19 07:02:59+00:00,0.74,/r/Kamala/comments/1fkevgt/haitian_migrants_in_springfield_arrived_under/,False
160,1fkelr1,"Piers Morgan: Wow. Kamala Harris won that debate‚Ä¶ comfortably. 
",https://imghoster.co/en/KWA3xCqNKyBk6oE?utm_source=r-kamala,,36,1,RaouR,Kamala,2024-09-19 06:42:33+00:00,0.96,/r/Kamala/comments/1fkelr1/piers_morgan_wow_kamala_harris_won_that_debate/,False
161,1fkegpg,Widening Gender Divide Among Gen Z Voters Could Decide the 2024 Race,https://www.reddit.com/r/Kamala/comments/1fkegpg/widening_gender_divide_among_gen_z_voters_could/,"[https://www.counterpunch.org/2024/09/19/widening-gender-divide-among-gen-z-voters-could-decide-the-2024-race/](https://www.counterpunch.org/2024/09/19/widening-gender-divide-among-gen-z-voters-could-decide-the-2024-race/)



",0,5,Into_the_Mystic_2021,Kamala,2024-09-19 06:31:54+00:00,0.43,/r/Kamala/comments/1fkegpg/widening_gender_divide_among_gen_z_voters_could/,False
162,1fkefnl,"So Haitians didn't steal her cat; it was in the basement the whole time?
",https://imghoster.co/en/D1FGv6ZZ4WlW4zP?utm_source=r-kamala,,38,2,RaouR,Kamala,2024-09-19 06:29:43+00:00,0.95,/r/Kamala/comments/1fkefnl/so_haitians_didnt_steal_her_cat_it_was_in_the/,False
163,1fkeas3,Trump is what you get after you subtract every decent quality a person could have.,https://imghoster.co/en/hAcxV9LnhiUekBp?utm_source=r-kamala,,34,1,RaouR,Kamala,2024-09-19 06:19:29+00:00,0.91,/r/Kamala/comments/1fkeas3/trump_is_what_you_get_after_you_subtract_every/,False
164,1fkd8rb,"A Day in the Life of an Immigrant, According to Donald Trump",https://imghoster.co/en/o8zenYysVhj8k4f?utm_source=r-kamala,,2,1,RaouR,Kamala,2024-09-19 05:08:50+00:00,0.66,/r/Kamala/comments/1fkd8rb/a_day_in_the_life_of_an_immigrant_according_to/,False
165,1fkcwce,"We don't eat pets, we vote
",https://imghoster.co/en/KVAuoMtJY7SjwDi?utm_source=r-kamala,,8,1,RaouR,Kamala,2024-09-19 04:47:46+00:00,0.89,/r/Kamala/comments/1fkcwce/we_dont_eat_pets_we_vote/,False
166,1fka6nh,Plummeting Stock,https://i.redd.it/xpw890prdopd1.jpeg,,43,3,SoCalLynda,Kamala,2024-09-19 02:15:58+00:00,0.95,/r/Kamala/comments/1fka6nh/plummeting_stock/,False
167,1fk8i32,Harris-Walz or Dictatorship,https://image.upilink.in/DPHgeMCVDesJGiB,,6,1,Realistic-Plant3957,Kamala,2024-09-19 00:50:53+00:00,0.75,/r/Kamala/comments/1fk8i32/harriswalz_or_dictatorship/,False
168,1fk78fn,"Kamala Harris Asked About Reparations, Gaza And More During NABJ Panel: Here's What She Said",https://blavity.com/kamala-harris-reparations-gaza-nabj-discussion,,6,2,Icy-Obligation-3657,Kamala,2024-09-18 23:49:43+00:00,0.72,/r/Kamala/comments/1fk78fn/kamala_harris_asked_about_reparations_gaza_and/,False
169,1fk6kvj,"111 Former G.O.P. Officials Back Harris, Calling Trump ‚ÄòUnfit to Serve‚Äô",https://www.nytimes.com/2024/09/18/us/politics/republican-officials-harris-endorsement.html?algo=clicks_decay_6_diversified&block=3&campaign_id=142&emc=edit_fory_20240918&fellback=true&imp_id=1369586004480560&instance_id=134647&nl=for-you&nlid=53831380&pool=channel-replacement-ls&rank=1&regi_id=53831380&req_id=1622572473185762&segment_id=178188&surface=for-you-email-channelless&te=1&user_id=fe5d662adf685ae9dedd7464c832fcdf&variant=0_channel_translated_pool_popularity_pers,,6,1,Free_Swimming,Kamala,2024-09-18 23:18:42+00:00,0.87,/r/Kamala/comments/1fk6kvj/111_former_gop_officials_back_harris_calling/,False
170,1fk4s6u,CNN shows supercut of Trump calling Harris ‚Äòfascist‚Äô ‚Äì after JD Vance said no one should be using the word,https://www.independent.co.uk/news/world/americas/us-politics/trump-harris-fascist-jd-vance-b2614984.html,,62,4,Strict-Marsupial6141,Kamala,2024-09-18 21:55:31+00:00,0.96,/r/Kamala/comments/1fk4s6u/cnn_shows_supercut_of_trump_calling_harris/,False
171,1fk48is,"Harris says immigration reform and border security are possible
",https://www.msn.com/en-us/news/politics/harris-says-immigration-reform-and-border-security-are-possible/ar-AA1qMXHM?ocid=BingNewsSerp,,19,19,Strict-Marsupial6141,Kamala,2024-09-18 21:31:05+00:00,0.91,/r/Kamala/comments/1fk48is/harris_says_immigration_reform_and_border/,False
172,1fk47gk,Remarks by Vice President Harris at the Congressional Hispanic Caucus Institute's 47th Annual Leadership Conference,https://www.whitehouse.gov/briefing-room/speeches-remarks/2024/09/18/remarks-by-vice-president-harris-at-the-congressional-hispanic-caucus-institutes-47th-annual-leadership-conference/,,4,2,Strict-Marsupial6141,Kamala,2024-09-18 21:29:46+00:00,0.7,/r/Kamala/comments/1fk47gk/remarks_by_vice_president_harris_at_the/,False
173,1fk2t1r,This Is How Democracy Dies,https://i.redd.it/ldvng3exnmpd1.jpeg,,26,1,SoCalLynda,Kamala,2024-09-18 20:30:00+00:00,0.88,/r/Kamala/comments/1fk2t1r/this_is_how_democracy_dies/,False
174,1fk186z,Elections Software Has Been Stolen and Shared ‚Äî Call Congress Today! ,https://youtu.be/Nr9Dp_NlcPk?si=F56yDP2fTSl3yIaY,,2,1,youhavetherighttoo,Kamala,2024-09-18 19:23:53+00:00,0.66,/r/Kamala/comments/1fk186z/elections_software_has_been_stolen_and_shared/,False
175,1fk0r97,"""I have the best genes. No one has better genes than mine.""",https://i.redd.it/lq04it1b8mpd1.jpeg,,32,6,SoCalLynda,Kamala,2024-09-18 19:03:46+00:00,0.87,/r/Kamala/comments/1fk0r97/i_have_the_best_genes_no_one_has_better_genes/,False
176,1fjzu05,Musicians endorsing Kamala Harris,https://www.reddit.com/r/Kamala/comments/1fjzu05/musicians_endorsing_kamala_harris/,"Here's a list of musicians who actively endorsed her:

-	Ariana Grande
-	Barbra Streisand
-	Beyonc√©
-	Billie Eilish
-	Bon Iver
-	Cardi B
-	Carole King
-	Charli XCX
-	Foo Fighters
-	James Taylor
-	John Legend
-	Katy Perry
-	Kesha
-	Lance Bass
-	Lil Jon
-	Lil Nas X
-	Linda Ronstadt
-	Lizzo
-	Maxwell
-	Megan Thee Stallion
-	Moby
-	Olivia Rodrigo
-	Patti LaBelle
-	Pink
-	Stevie Nicks
-	Stevie Wonder
-	Taylor Swift
-	Bootsy Collins
-	Devo
-	Evanescence
-	Hot Tuna
-	Gary Jules
-	Jefferson Starship
-	Lisa Loeb
-	Living Colour
-	Natalie Merchant
-	Reckless Kelly
-	Rosanne Cash
-	Sheila E

Here's a list of musicians (or their estates) who, while not actively endorsing her, have forbidden Trump from playing their music at his rallys:

-	ABBA
-	Adele
-	Aerosmith
-	Animals
-	Beatles
-	Bruce Springsteen
-	Celine Dion
-	Creedence Clearwater Revival
-	Earth, Wind & Fire
-	Eddy Grant
-	Elton John
-	Everlast
-	Free
-	Guns N' Roses
-	Isaac Hayes
-	Johnny Marr
-	Leonard Cohen
-	Linkin Park
-	Luciano Pavarotti
-	Neil Young
-	Nickelback
-	The O'Jays
-	Ozzy Osbourne
-	Panic! at the Disco
-	Pharrell Williams
-	Phil Collins
-	Prince
-	Queen
-	R.E.M.
-	Rihanna
-	The Rolling Stones
-	Sin√©ad O'Connor
-	Spinal Tap
-	Tom Petty
-	Twisted Sister
-	Village People
-	The White Stripes

In the interest of fairness, here's all the musicians who endorsed Trump:

-	Azealia Banks
-	Billy Ray Cyrus
-	DaBaby
-	Kanye West
-	Kid Rock
-	Lil Pump
-	M.I.A.
-	Ted Nugent",55,23,ReactsWithWords,Kamala,2024-09-18 18:24:28+00:00,0.96,/r/Kamala/comments/1fjzu05/musicians_endorsing_kamala_harris/,False
177,1fjz8nf,Billie who? Never heard of him.,https://v.redd.it/xrhg40v7clpd1,,6,2,Parking_Train8423,Kamala,2024-09-18 17:59:37+00:00,0.72,/r/Kamala/comments/1fjz8nf/billie_who_never_heard_of_him/,False
178,1fjx9uz,Quinnipiac has Harris up by 6 and Casey up by 9,https://i.redd.it/5uwo37v9ilpd1.png,,108,6,champdo,Kamala,2024-09-18 16:36:46+00:00,0.99,/r/Kamala/comments/1fjx9uz/quinnipiac_has_harris_up_by_6_and_casey_up_by_9/,False
179,1fjsrqy,My devotion to the genius of Kamala Harris.,https://i.redd.it/c9twewuekkpd1.jpeg,,244,14,viobd,Kamala,2024-09-18 13:26:19+00:00,0.96,/r/Kamala/comments/1fjsrqy/my_devotion_to_the_genius_of_kamala_harris/,False
180,1fjqz9e,"After talking about how much they love IVF for months, Republicans just blocked the bill to protect it nationwide. Don't watch what they say, watch how they vote",https://image.upilink.in/Y3Ok43GuOTNnCKO,,132,3,Realistic-Plant3957,Kamala,2024-09-18 11:57:38+00:00,0.99,/r/Kamala/comments/1fjqz9e/after_talking_about_how_much_they_love_ivf_for/,False
181,1fjp8uo,"To mark National Voter Registration Day, we are holding a National Day of Action on Voting Rights.

Join me by checking your voter registration status at http://Vote.gov ‚Äî and remind your friends and family to do the same.",https://imghoster.co/en/vzm3mOLySbqjua2?utm_source=r-kamala,,6,1,RaouR,Kamala,2024-09-18 10:10:39+00:00,0.99,/r/Kamala/comments/1fjp8uo/to_mark_national_voter_registration_day_we_are/,False
182,1fjo0m9,facts,https://i.redd.it/0ytn81bu4jpd1.png,,94,1,sayrkhan,Kamala,2024-09-18 08:37:15+00:00,0.98,/r/Kamala/comments/1fjo0m9/facts/,False
183,1fjndz4,Trump is a demented weirdo ,https://imghoster.co/7NgZ3OecBrlmMQT,,28,1,RaouR,Kamala,2024-09-18 07:48:17+00:00,0.99,/r/Kamala/comments/1fjndz4/trump_is_a_demented_weirdo/,False
184,1fjncbp,HATE HATE HATE HATE HATE,https://i.redd.it/rqx5905cvipd1.jpeg,,79,3,SoCalLynda,Kamala,2024-09-18 07:44:45+00:00,0.94,/r/Kamala/comments/1fjncbp/hate_hate_hate_hate_hate/,False
185,1fjm5h2,Bat shit cray cray ,https://imghoster.co/en/hHygVIFf5MbPtxW,,8,11,RaouR,Kamala,2024-09-18 06:17:09+00:00,0.83,/r/Kamala/comments/1fjm5h2/bat_shit_cray_cray/,False
186,1fjl4kq,"""They're eating the cats and dogs""",https://imghoster.co/en/F7ONkDkLqDfiAfE,,1,1,RaouR,Kamala,2024-09-18 05:08:36+00:00,0.6,/r/Kamala/comments/1fjl4kq/theyre_eating_the_cats_and_dogs/,False
187,1fjgun8,Vote!!,https://www.reddit.com/r/Kamala/comments/1fjgun8/vote/,"Today is national register to vote day!!! Vote online it‚Äôs free. Vote.org or rockthevote.org 
Register vote early. #voteblue",20,2,birdbrain59,Kamala,2024-09-18 01:19:38+00:00,0.89,/r/Kamala/comments/1fjgun8/vote/,False
188,1fjdncb,"Black Women In Entertainment For Kamala: The Initiative That's Seen Erika Alexander, Terri J. Vaughn And More Mobilize",https://blavity.com/black-women-in-entertainment-for-kamala,,18,1,Icy-Obligation-3657,Kamala,2024-09-17 22:58:41+00:00,0.88,/r/Kamala/comments/1fjdncb/black_women_in_entertainment_for_kamala_the/,False
189,1fjc0iy,"After Kamala wins, are we going to have to go through this every four years? This is not a normal state of affairs and we really have to make sure it does not become normalized.",https://www.reddit.com/r/Kamala/comments/1fjc0iy/after_kamala_wins_are_we_going_to_have_to_go/,,110,76,GIBBY_HAYNES,Kamala,2024-09-17 21:50:53+00:00,0.94,/r/Kamala/comments/1fjc0iy/after_kamala_wins_are_we_going_to_have_to_go/,False
190,1fj8r4x,Billie Eilish and Finneas Endorse Kamala Harris,https://www.rollingstone.com/music/music-news/billie-eilish-finneas-harris-walz-endorsement-1235104330/,,85,1,Strict-Marsupial6141,Kamala,2024-09-17 19:44:02+00:00,0.95,/r/Kamala/comments/1fj8r4x/billie_eilish_and_finneas_endorse_kamala_harris/,False
191,1fj4604,Today is National Voter Registration Day!  ‚úÖCheck Your Voter Registration ‚úÖ Make your voting plan ‚úÖ Share to your social media feeds!,https://www.reddit.com/r/Kamala/comments/1fj4604/today_is_national_voter_registration_day_check/,"Today is National Voter Registration Day!  

Please spread the word to your personal social media feeds, everyone (especially if you live in a red state) make sure to check your voter registration, register if you're not already, and make your plan on how you'll vote.  Early Voting and mail-in voting are almost always options, but you'll need to know when and where to go.  

Two excellent voter resources that can help people find what they need, are [vote.gov](http://vote.gov) and [iwillvote.com](http://iwillvote.com)

https://preview.redd.it/z77lf9imeepd1.jpg?width=1200&format=pjpg&auto=webp&s=c224b78ca85b473765643ac4fc14885d5532b04a

",20,1,matt314159,Kamala,2024-09-17 16:46:24+00:00,0.94,/r/Kamala/comments/1fj4604/today_is_national_voter_registration_day_check/,False
192,1fj0p2v,Fascism isn't coming. It's here,https://image.upilink.in/sOgCjwPn4vialr3,,114,4,Realistic-Plant3957,Kamala,2024-09-17 14:28:48+00:00,0.97,/r/Kamala/comments/1fj0p2v/fascism_isnt_coming_its_here/,False
193,1fizkc7,A Girl,https://youtu.be/i5o8DBPbIzo?si=9d_Whd1eUgT0Wy4d,We all know a girl who aspires to Kamala's heights. Now is the time to stand up for her.,5,1,JimCripe,Kamala,2024-09-17 13:41:15+00:00,0.73,/r/Kamala/comments/1fizkc7/a_girl/,False
194,1fix9yx,"Turning friends against friends, neighbor against neighbor: Nazi tactics erupt in your hometown.",https://www.reddit.com/r/Kamala/comments/1fix9yx/turning_friends_against_friends_neighbor_against/,"We have all seen the documentaries showing the shadow of Nazism as it rapidly creeps across the continent of Europe; now that same shadow is aborning in sleepy Portage County, Ohio. In 1939 Hitler spread the stench of tyranny in Poland, now fascist sheriff Bruce Zuchowski is doing the same here at home.

Taking a leaf from Trump's MAGA Manifesto, Project 2025, to wit:

""decimate privacy protections for anyone other than U.S. citizens and green card holders. This allows for the weaponization of information-sharing that exposes names, birthdates, addresses, and photographs of individuals encountered at the border and nearly any other foreign national, including children and legally present visa holders, thereby exposing them to potential harm, harassment, or discrimination. \[139\] \[165\]8\]

...create a show-me-your-papers style mandate and task ICE Deportation Officers with removing, arresting, and detaining immigration violators anywhere in the United States, without warrant where appropriate. This would lead to increased racial profiling and discrimination against Latinos, immigrants and other people of color. \[142\]

he has asked his radicalized supporters to help him compile a list of those who MAGA considers to be at odds with their white nationalist xenophobia, so a record will exist of those who will be subject to retribution when he is reelected.

Sinclair Lewis foretold of this in his 1935 dystopian novel, ""It can't happen Here'.

It can happen here -- it is happening here!

See this -- boldface mine.



Ben Wolford¬∑September 16, 2024¬∑

Portage County Sheriff Bruce Zuchowski seemed to encourage his friends and supporters to **write down th**e **addresses of people with Democratic yard signs,** sparking accusations of voter intimidation. In identical posts to his personal and public Facebook accounts on Sept. 13, Zuchowski wrote what he claims to tell people who ask him what will happen if Vice President Kamala Harris wins the presidential election. **Using dehumanizing language, he says he tells them to record the addresses of people with Harris yard signs** in order to house immigrants with them.

**‚ÄúWhen people ask me‚Ä¶What‚Äôs gonna happen if the Flip ‚Äì Flopping, Laughing Hyena Wins?? I say‚Ä¶write down all the addresses of the people who had her signs in their yards!** Sooo‚Ä¶when the Illegal human ‚ÄúLocust‚Äù (which she supports!) Need places to live‚Ä¶We‚Äôll already have the addresses of the their New families‚Ä¶who supported their arrival!‚Äù the posts stated, along with accompanying pictures of a television tuned to Fox News. 

**In the comments under the post on his personal Facebook page, one supporter replied with the name and street of someone with a Harris sign. ‚ÄúI‚Äôll add that name to the list,‚Äù another replied. Someone else commented, ‚ÄúMaking a list and checking it twice.‚Äù As of Sept. 15, that post had hundreds of reactions and over 100 shares.**

There is more, much more:

[https://theportager.com/residents-express-fear-after-sheriff-says-write-down-all-the-addresses-of-harris-supporters/](https://theportager.com/residents-express-fear-after-sheriff-says-write-down-all-the-addresses-of-harris-supporters/)",32,1,LetterGrouchy6053,Kamala,2024-09-17 11:59:31+00:00,0.88,/r/Kamala/comments/1fix9yx/turning_friends_against_friends_neighbor_against/,False
195,1fioehr,Iowa signs point to ‚ÄúYes We Can!‚Äù,https://i.redd.it/za9gqf996apd1.jpeg,,57,1,swazal,Kamala,2024-09-17 03:12:53+00:00,0.97,/r/Kamala/comments/1fioehr/iowa_signs_point_to_yes_we_can/,False
196,1fime6f,How God is using Trump...and it's not what you think,https://www.youtube.com/watch?v=VRpH3yfPhyc,,5,2,bison1969,Kamala,2024-09-17 01:38:56+00:00,0.73,/r/Kamala/comments/1fime6f/how_god_is_using_trumpand_its_not_what_you_think/,False
197,1fim4s2,Former Ronald Reagan staffers endorse Kamala Harris for president,https://www.theguardian.com/us-news/2024/sep/15/former-ronald-reagan-staffers-endorse-kamala-harris,,107,9,Strict-Marsupial6141,Kamala,2024-09-17 01:26:47+00:00,0.97,/r/Kamala/comments/1fim4s2/former_ronald_reagan_staffers_endorse_kamala/,False
198,1fihzyj,Kamala Harris knows the American Dream is still alive because she is an example of it‚Ä¶,https://i.redd.it/woqevbbbu8pd1.jpeg,,57,2,uphatbrew,Kamala,2024-09-16 22:26:33+00:00,0.94,/r/Kamala/comments/1fihzyj/kamala_harris_knows_the_american_dream_is_still/,False
199,1fihl6a,The Joyous Plot to Elect Kamala Harris,https://www.thecut.com/article/kamala-harris-women-movement-voters-organizers-grassroots-fundraising.html?utm_source=substack&utm_medium=email,,26,1,Free_Swimming,Kamala,2024-09-16 22:09:48+00:00,0.96,/r/Kamala/comments/1fihl6a/the_joyous_plot_to_elect_kamala_harris/,False
200,1fiff27,IOWA IS NOW A SWING STATE!!!,https://i.redd.it/7a20waurg8pd1.jpeg,,116,5,Plus-Bluejay-2024,Kamala,2024-09-16 20:44:18+00:00,0.94,/r/Kamala/comments/1fiff27/iowa_is_now_a_swing_state/,False
201,1fiega0,1600,https://youtu.be/8xv-L_dlKxE?si=ABfxzWB2tuYsyCmU,Kamala Harris knows the American Dream is still alive because she is an example of it.,20,5,JimCripe,Kamala,2024-09-16 20:05:55+00:00,0.85,/r/Kamala/comments/1fiega0/1600/,False
202,1fibu6e,Harris Campaign Releases Epic 'Taylor's Version' Response To Trump's 'I Hate Taylor Swift' Post,https://www.comicsands.com/harris-trump-hate-taylor-swift-2669213770.html,,39,1,Blue_Wave2024,Kamala,2024-09-16 18:20:33+00:00,0.93,/r/Kamala/comments/1fibu6e/harris_campaign_releases_epic_taylors_version/,False
203,1fi7tva,"Kamala sign in the wild - East Orange, NJ",https://i.redd.it/0lmah43py6pd1.jpeg,Was walking and I spotted a Kamala sign. Ignore my finger ü§£,30,1,deejayh201,Kamala,2024-09-16 15:41:17+00:00,0.89,/r/Kamala/comments/1fi7tva/kamala_sign_in_the_wild_east_orange_nj/,False
204,1fi7b00,The Harris campaign is still shattering records...,https://i.redd.it/fy9pny5wu6pd1.jpeg,,94,19,Plus-Bluejay-2024,Kamala,2024-09-16 15:19:53+00:00,0.95,/r/Kamala/comments/1fi7b00/the_harris_campaign_is_still_shattering_records/,False
205,1fi6pfa,Shooter voted for Trump,https://image.upilink.in/IpR757dfVNkWnZa,,157,13,Realistic-Plant3957,Kamala,2024-09-16 14:55:47+00:00,0.97,/r/Kamala/comments/1fi6pfa/shooter_voted_for_trump/,False
206,1fi58x1,"Poll results show extreme disdain for Trump's MAGA Manifesto, Project 2025.",https://www.reddit.com/r/Kamala/comments/1fi58x1/poll_results_show_extreme_disdain_for_trumps_maga/,"Donald Trump's MAGA Manifesto, Project 2025, is causing great concern for American voters. Despite numerous lies by him that he has no knowledge of the multi-restrictive legislative proposals, voters know better than to believe anything he says.

""If his mouth is open, he's lying"" is a commonly repeated refrain.

Project 2025 will undo centuries of governmental design, replace experts in management and organization with hand picked stooges with no expertise other than in fawning over their tin God.

Remember 'Brownie,' the Bush appointee who couldn't even get water delivered to the suffering New Orleans masses after Katrina? Picture 50,000 inept clones.

Project 2025 will, among other things, institute a national ban on abortion, extremely curtail veteran rights, reduce Social Security benefits, eliminate overtime pay, eliminate Obamacare and provide no alternative, politicize the Justice Department so only hand-picked criminals will be prosecuted while corporations and crooked politicians walk free, and this is just the beginning of the travesties the dictator will implement on day one!

Here's an interactive site that will answer all your questions about this extreme measure; [https://www.25and.me/?topics=](https://www.25and.me/?topics=)

Here are poll results indicating just how much Americans fear project 2025 and its implementation by a Republican victory in the fall.:

Matt Canter, a pollster from Global Strategy Group, on Wednesday briefed Democratic campaign staffers, political consultants, advocacy organizations and journalists about a poll conducted from Aug. 22 to Aug. 28 in 27 states, focusing on 63 ""battleground"" congressional districts up for grabs in November's election.

Canter said Project 2025 ""has penetrated the electorate in a very difficult and noisy environment.""

And that's bad news for Trump and Republicans running down ballot from him for congressional seats. The poll touched on congressional districts in six swing states ‚Äì Arizona, Michigan, North Carolina, Nevada, Pennsylvania and Wisconsin ‚Äì expected to determine who wins the presidency. The poll was sponsored by the advocacy groups End Citizens United, Third Way and MoveOn as a road map for making sure Project 2025 doesn't just stick to Trump but also gets linked to Republicans seeking House seats.

Canter called that ""an exciting opportunity to play offense.""

""Nearly two-thirds of voters report hearing or seeing something about Project 2025, and the disdain runs deep,"" he said. ""And it's not just Democratic base voters driving animosity. We see a majority of the swing voters that have heard are familiar with Project 2025 are deeply unfavorable as well.""

[https://www.msn.com/en-us/news/opinion/trump-claims-he-has-nothing-to-do-with-project-2025-voters-don-t-buy-that/ar-AA1qBsXQ?ocid=msedgdhp&pc=HCTS&cvid=b7c3227715d34f4a8836d305558db7bb&ei=177](https://www.msn.com/en-us/news/opinion/trump-claims-he-has-nothing-to-do-with-project-2025-voters-don-t-buy-that/ar-AA1qBsXQ?ocid=msedgdhp&pc=HCTS&cvid=b7c3227715d34f4a8836d305558db7bb&ei=177)",47,1,LetterGrouchy6053,Kamala,2024-09-16 13:54:45+00:00,0.93,/r/Kamala/comments/1fi58x1/poll_results_show_extreme_disdain_for_trumps_maga/,False
207,1fi2dq4,"Statement by Vice President Harris
",https://www.whitehouse.gov/briefing-room/statements-releases/2024/09/15/statement-by-vice-president-harris/,,23,3,Strict-Marsupial6141,Kamala,2024-09-16 11:40:15+00:00,0.88,/r/Kamala/comments/1fi2dq4/statement_by_vice_president_harris/,False
208,1fhyczo,Madame President Kamala Harris is gorgeous!!!,https://www.reddit.com/gallery/1fhyczo,Cant wait to see her get sworn in ,133,20,bidensonlyfanz,Kamala,2024-09-16 06:56:14+00:00,0.97,/r/Kamala/comments/1fhyczo/madame_president_kamala_harris_is_gorgeous/,False
209,1fhxma0,"With J.D Vance's latest confession, will we get Ohio?",https://www.reddit.com/r/Kamala/comments/1fhxma0/with_jd_vances_latest_confession_will_we_get_ohio/,"Do we have a snowballs chance, now?",63,22,SpiritualMedicine7,Kamala,2024-09-16 06:02:23+00:00,0.94,/r/Kamala/comments/1fhxma0/with_jd_vances_latest_confession_will_we_get_ohio/,False
210,1fhqd34,Another assassination attempt?,https://www.reddit.com/r/Kamala/comments/1fhqd34/another_assassination_attempt/,https://www.cnn.com/2024/09/15/politics/donald-trump-safe-shots/index.html,0,6,StratHistory,Kamala,2024-09-15 23:27:08+00:00,0.42,/r/Kamala/comments/1fhqd34/another_assassination_attempt/,False
211,1fhqcya,MAGA just created Antifa trump assailant profile on Instant!!,https://i.redd.it/m4cha9iv42pd1.jpeg,"Don‚Äôt believe the lies!!
",77,30,My1Thought,Kamala,2024-09-15 23:26:55+00:00,0.95,/r/Kamala/comments/1fhqcya/maga_just_created_antifa_trump_assailant_profile/,False
212,1fho8xh,Two weeks to SNL Season 50 premiere,https://www.rollingstone.com/tv-movies/tv-movie-news/maya-rudolph-snl-kamala-harris-return-details-1235099948/,,28,2,swazal,Kamala,2024-09-15 21:50:56+00:00,0.88,/r/Kamala/comments/1fho8xh/two_weeks_to_snl_season_50_premiere/,False
213,1fhjv9x,Trump's Bad Week (Taylor's Version),https://i.redd.it/833dohpwn0pd1.jpeg,,21,1,Afterswiftie,Kamala,2024-09-15 18:45:12+00:00,0.95,/r/Kamala/comments/1fhjv9x/trumps_bad_week_taylors_version/,False
214,1fhjpxu,Vance saying reporters names..why does it make me cringe ?,https://www.reddit.com/r/Kamala/comments/1fhjpxu/vance_saying_reporters_nameswhy_does_it_make_me/,"Am i the only one who cringes when Vance keeps using reporters names during interviews?    ""Well jake..,,"" : ""Margaret as you know Margaret...""
""Well Dana if you would just....""
",27,12,johnuws,Kamala,2024-09-15 18:39:01+00:00,0.85,/r/Kamala/comments/1fhjpxu/vance_saying_reporters_nameswhy_does_it_make_me/,False
215,1fhde52,"Meanwhile, Trump has been surrounding himself with Laura Loomer",https://image.upilink.in/kTv3ddVq09l8wVP,,41,3,Realistic-Plant3957,Kamala,2024-09-15 14:10:13+00:00,0.96,/r/Kamala/comments/1fhde52/meanwhile_trump_has_been_surrounding_himself_with/,False
216,1fhb2l1,"Irony of ironies, Trump, so consumed with fictitious conspiracy theories he doesn't recognize the rat crawling up his ass.",https://www.reddit.com/r/Kamala/comments/1fhb2l1/irony_of_ironies_trump_so_consumed_with/,"Seems J.D. Vance has an agenda of his own. The MAGA movement, unaware of the suppression of rights and liberties already outlined in Trump's MAGA Manifesto, Project 2025, is fertile ground for a new, even more extremist movement that will require every citizen to adhere to principles Margret Atwood never dreamed of.

If J.D. isn't already bat-shit loony enough, it has now been revealed his real motivation is to subsume the MAGA movement and turn it into a hyper religious sect based on ultra-orthodox Catholic zealotry so far to the right Father Coughlin would repudiate it.

He is smiling and outwardly supporting Trump, but this snake-in-the grass Judas has blinded Trump with so much flattery and fawning faux admiration the Orange Man can't see the deviousness through the acclaim.

Check this out -- boldface mine.



Sofia Nelson, a lawyer and former Yale Law School classmate of Republican vice-presidential nominee JD Vance, warned on Saturday that the Ohio senator is working to **""hijack"" former President Donald Trump's Make America Great Again (MAGA**) movement in favor of a far more rigid and **orthodox theocracy called post-liberalism.** In op-ed for MSNBC published Saturday morning, Nelson said that the post-liberal movement, unlike MAGA, seeks to replace existing social and political power structures with orde**rs rooted in conservative Catholic social teachings.**

Nelson contends that post-liberalists, like Vance, seek to position themselves within the MAGA movement with the aim of inheriting **Trump's political base** once he leaves politics. Their goal is to turn the **GOP into a pro-theocracy party,** Nelson said. The op-ed warns about the danger of a post-liberal rise and the need to counteract it, not just for the sake of defeating Trump, but to maintain the democratic values underpinning U.S. society.

""There is some policy overlap between MAGA and post-liberalism in their shared opposition, for example, to immigration and transgender rights. But the ideological overlap between the groups is a shared affinity for authoritarianism,"" Nelson wrote. **""The post-liberal right, which has goals that even MAGA Republicans would find extreme, is attempting to hijack the MAGA** movement to push its own agenda.""

Nelson befriended Vance and his wife, Usha Vance, while they were attending Yale Law School. Nelson, who is transgender and uses they/them pronouns, had a falling out with **JD Vance** when he launched his political career and backed bans on transgender minors receiving gender-affirming care. They told CNN's Erin Burnett in July that the senator's shift in opinions were motivated by his **ambition for ""political power and wealth.""**

In the op-ed, Nelson pointed to Vance's alleged influences within the post-liberal movement.

""Despite the time we spent as friends, I have no real insights (other than **political expediency)** into what drew him to post-liberal men like the academic Patrick Deneen, columnist Sohrab Ahmari, legal scholar Adrian Vermeule and expat journalist and author Rod Dreher, who was present for **Vance's baptism into the Catholic Church in 2019,""** Nelson wrote. ""What I do know is that **Vance used to condemn Trump's racism a**nd be empathetic to how such rhetoric made Americans feel unwelcome in their own country. But these men have had an obvious and heartbreaking effect on Vance's worldview.""

**Nelson said Vance's ""obsession""** with birth rates and his remarks about childless women reflect his post-liberal belief structure. They also point out that Vance's comments in favor of eliminating ""no-fault divorce"" drifts further to the right on marriage issues than what is contained in **The Heritage Foundation's Project 2025 initiative,** a political movement led by conservative think tanks that aim to shape the next Republican administration's policies.

Trump has repeatedly denied having any relation to **Project 2025,** but many of its contributors are former members of his administration, and his own platform, called **Agenda 47, shares broad policy similarities on several issues.**

There is more;

[https://www.msn.com/en-us/news/opinion/jd-vance-working-to-hijack-maga-to-push-theocracy-ex-friend-warns/ar-AA1qAh8X?ocid=msedgdhp&pc=HCTS&cvid=ef6c8b3a030b42b4a5edde420fbdc103&ei=18](https://www.msn.com/en-us/news/opinion/jd-vance-working-to-hijack-maga-to-push-theocracy-ex-friend-warns/ar-AA1qAh8X?ocid=msedgdhp&pc=HCTS&cvid=ef6c8b3a030b42b4a5edde420fbdc103&ei=18)",32,4,LetterGrouchy6053,Kamala,2024-09-15 12:12:32+00:00,0.9,/r/Kamala/comments/1fhb2l1/irony_of_ironies_trump_so_consumed_with/,False
217,1fh9w7g,Residents of Springfield are flooding Haitian owned restaurants to show their support ,https://i.redd.it/lr4039c7lvod1.jpeg,,188,10,RewardKristy,Kamala,2024-09-15 10:58:20+00:00,0.98,/r/Kamala/comments/1fh9w7g/residents_of_springfield_are_flooding_haitian/,False
218,1fh9q01,"I find it so ironic that the Right state ""You're not voting for a FRIEND"" ect, and then worships Donald Trump",https://www.reddit.com/r/Kamala/comments/1fh9q01/i_find_it_so_ironic_that_the_right_state_youre/,"Too often I hear how you are supposed to look at this logically. ALWAYS from the right. ALWAYS. That you shouldn't need to LIKE the person you are voting for. But you should look at what they can do for this country. But then, in the same breath, they will defend Donald Trump. They will say he is a brave man. A hero. Can do no wrong, and is PERSECUTED. This particular hypocrisy drives me batty.",14,2,SpiritualMedicine7,Kamala,2024-09-15 10:46:37+00:00,0.85,/r/Kamala/comments/1fh9q01/i_find_it_so_ironic_that_the_right_state_youre/,False
219,1fh75pp,How are you helping the campaign?,https://www.reddit.com/r/Kamala/comments/1fh75pp/how_are_you_helping_the_campaign/,"Hello lovely people,
Just curious how you all are helping getting Kamala and Tim elected?

Apart from donating money, I‚Äôve started phone banking with the campaign (which has been an ordeal so far). Any other creative ideas for volunteering? ",9,21,byzantines,Kamala,2024-09-15 07:39:03+00:00,0.81,/r/Kamala/comments/1fh75pp/how_are_you_helping_the_campaign/,False
220,1fh3lau,How does one text people to register to vote? ,https://www.reddit.com/r/Kamala/comments/1fh3lau/how_does_one_text_people_to_register_to_vote/,"I want to do phone banking, but I have phone anxiety. My best effort would be via texting. I am trying to figure out where I can do it. ",5,6,SpiritualMedicine7,Kamala,2024-09-15 03:42:25+00:00,0.74,/r/Kamala/comments/1fh3lau/how_does_one_text_people_to_register_to_vote/,False
221,1fh1rrf,Trump‚Äôs Project 2025: School House Rock Style,https://www.youtube.com/watch?v=Dp6PtOWQWZc,,33,5,bison1969,Kamala,2024-09-15 01:57:14+00:00,0.88,/r/Kamala/comments/1fh1rrf/trumps_project_2025_school_house_rock_style/,False
222,1fh17ht,"New Yahoo News/YouGov poll: After debate, Harris surges to 5-point lead over Trump among registered voters in head-to-head matchup",https://www.reddit.com/r/Kamala/comments/1fh17ht/new_yahoo_newsyougov_poll_after_debate_harris/,https://www.yahoo.com/news/new-yahoo-newsyougov-poll-after-debate-harris-surges-to-5-point-lead-over-trump-among-registered-voters-in-head-to-head-matchup-122213811.html,73,9,StratHistory,Kamala,2024-09-15 01:26:36+00:00,0.98,/r/Kamala/comments/1fh17ht/new_yahoo_newsyougov_poll_after_debate_harris/,False
223,1fgxeqv,You mean to tell me that MAGA lied?,https://image.upilink.in/uYF7gpwEnvc6xMF,,41,6,Realistic-Plant3957,Kamala,2024-09-14 22:13:25+00:00,0.98,/r/Kamala/comments/1fgxeqv/you_mean_to_tell_me_that_maga_lied/,False
224,1fguoby,Yet Another Good Thing ,https://www.reddit.com/r/Kamala/comments/1fguoby/yet_another_good_thing/,"Kamala‚Äôs presence and terrific energy is changing the way our country views 60 year old women. She‚Äôs quick, sharp and often funny; she‚Äôs physically comfy in high heels or sneaks; and she‚Äôs lovely, not trying to look younger. She is herself at 60, full of life, going after her dream full strength, and crushing it. üíô",48,4,hellocloudshellosky,Kamala,2024-09-14 20:04:02+00:00,0.92,/r/Kamala/comments/1fguoby/yet_another_good_thing/,False
225,1fgjsqg,"MAGA, you think it's funny..?",https://www.reddit.com/r/Kamala/comments/1fgjsqg/maga_you_think_its_funny/,"# So, MAGA, you think it's hilarious when Trump and Vance say something moronic. If you were smart enough to look over Trump's MAGA Manifest, Project 2025, you would soon change your mind. The draconian cuts to all benefits and services will not only effect Libs and Dems, but every American citizen including you, and especially those who rely on social services, unemployment insurance, and veteran benefits.

And you giggle when he and Vance stick it to the immigrants by making outlandish charges. Well, look where it leads. Your kids go to the threatened schools, too. Sure, so far the cowardly bomb threats and assassinations in Springfield, Ohio, have been as false as Trump's promises, but when will that change? Face it, thus far nearly every shooter has been from a heavily armed family -- and they aren't Democrats.

When will one of you red-eyed, malignant MAGA morons, go overboard on the provocative lies and actually make good on the threats. You know who I mean, the ones already on the edge -- the disaffected and disturbed -- those who require only a little more goading and incitement to believe, like the Insurgents of 1/6, that he is following out Trump's orders.

Those will be your kids getting shredded with the rest.

See below if you have the courage -- boldface mine.

¬© provided by AlterNet

**For the second day in a row,**¬†elementary school children in Springfield, Ohio, were forced to be¬†**due to threats: a bomb threat on Thursday and an unspecified threat on Friday.**¬†The threats come after¬†**Republican presidential nominee Donald Trump and his running mate, Ohio U.S. Senator JD Vance,**¬†have repeatedly¬†**spread lies**¬†about Haitian immigrants in Springfield this week, including that they are¬†**stealing residents‚Äô cats and dogs and eating them.**

Thursday‚Äôs¬†**bomb threat specifically mentioned the false claims**¬†about Haitian immigrants eating people‚Äôs pets, USA Today reported.

‚ÄúThree schools in Springfield were evacuated or closed Friday, based on guidance from police, school officials said,‚Äù local NBC affiliate WLWT reports. ‚ÄúOfficials with the Springfield City School District said that based on information they got from the Springfield Police Division,¬†**students at Perrin Woods and Snowhill Elementary were evacuated**¬†and moved to another district location.‚Äù

A Springfield middle school was also ordered closed Friday morning, before classes began, and ‚Äúat least one Springfield location of the Ohio Bureau of Motor Vehicles is closed.‚Äù

On Thursday, a¬†**bomb threat targeting Springfield city hall**¬†and an elementary school forced evacuations of those buildings.

‚ÄúPolice Chief Allison Elliott said that due to the

officials evacuated multiple buildings in addition to City Hall, including BMV Springfield Driver‚Äôs Exam Station, Ohio License Bureau Southside, Springfield Academy of Excellence and Fulton Elementary School.‚Äù

Despite the reports of the bomb threat on Thursday, hours late**r Donald Trump**¬†used his Truth Social platform to promote the Republican nominee working to unseat Democratic U.S. Senator Sherrod Brown of Ohio, by¬†**spreading more anti-Haitian immigrant racism.**

There's ore, much more:

[https://www.msn.com/en-us/news/politics/hell-isn-t-hot-enough-fury-at-trump-as-more-school-evacuations-follow-lies/ar-AA1qx17g?ocid=msedgdhp&pc=HCTS&cvid=8093207c9e6643d09192b85dba317a31&ei=20](https://www.msn.com/en-us/news/politics/hell-isn-t-hot-enough-fury-at-trump-as-more-school-evacuations-follow-lies/ar-AA1qx17g?ocid=msedgdhp&pc=HCTS&cvid=8093207c9e6643d09192b85dba317a31&ei=20)",17,3,LetterGrouchy6053,Kamala,2024-09-14 11:15:45+00:00,0.77,/r/Kamala/comments/1fgjsqg/maga_you_think_its_funny/,False
226,1fghqsf,New First Lady,https://image.upilink.in/rzdjBDWsRU0LeHG,,1,3,Realistic-Plant3957,Kamala,2024-09-14 08:45:09+00:00,0.56,/r/Kamala/comments/1fghqsf/new_first_lady/,False
227,1fgal0y,Anyone notice how angry the magnot are today? ,https://www.reddit.com/r/Kamala/comments/1fgal0y/anyone_notice_how_angry_the_magnot_are_today/,"Sorry, meant Magots. What's eating them up now? Polls? Taylor's endorsement, and 387 new registered voters? I kind of love the last part because they kept on acting like her fanbase was too YOUNG to vote. Now she's interfering with the election.  I'm enjoying their meltdowns so much.",43,30,SpiritualMedicine7,Kamala,2024-09-14 01:05:58+00:00,0.93,/r/Kamala/comments/1fgal0y/anyone_notice_how_angry_the_magnot_are_today/,False
228,1fg9gcd,I think the 3rd gold digger is about to regenrate in to her 4th incarnation... for my fellow American doctor who fans.,https://i.redd.it/gust2tgk2ood1.jpeg,,74,19,KmartRadio,Kamala,2024-09-14 00:09:04+00:00,0.91,/r/Kamala/comments/1fg9gcd/i_think_the_3rd_gold_digger_is_about_to_regenrate/,False
229,1fg2ghy,Spread it around!,https://x.com/gtconway3d/status/1834658778425577602,,4,1,johnuws,Kamala,2024-09-13 18:54:50+00:00,0.75,/r/Kamala/comments/1fg2ghy/spread_it_around/,False
230,1fg183r,"New campaign ad: ""All Americans""",https://www.youtube.com/watch?v=mf9jGS_zjhI,,54,6,throwaway146225,Kamala,2024-09-13 18:02:48+00:00,0.97,/r/Kamala/comments/1fg183r/new_campaign_ad_all_americans/,False
231,1fg0gf8,The Last Dog in Springfield (Donald Trump song parody),https://youtu.be/Lu-z9DfNBXw?si=Xa91O_VhCHd_zuzo,,4,3,JimCripe,Kamala,2024-09-13 17:30:56+00:00,0.75,/r/Kamala/comments/1fg0gf8/the_last_dog_in_springfield_donald_trump_song/,False
232,1ffz8g5,That Morning,https://youtu.be/76fxxtAszQY?si=o8jzZQSIMJ8MmQiD,"We didn‚Äôt know on that November day in 2016 how much damage Trump would cause our nation.. 
",2,1,JimCripe,Kamala,2024-09-13 16:39:17+00:00,0.75,/r/Kamala/comments/1ffz8g5/that_morning/,False
233,1ffw2cc,"""ANYTIME, ANYWHERE""",https://i.redd.it/jl1df76m6lod1.jpeg,,96,7,Expensive-Tea1058,Kamala,2024-09-13 14:26:23+00:00,0.94,/r/Kamala/comments/1ffw2cc/anytime_anywhere/,False
234,1ffuemp,"Civil rights activist Myrlie Evers endorses Kamala Harris, vows to continue fight for justice: ""We are not going back""",https://www.cbsnews.com/news/civil-rights-activist-myrlie-evers-endorses-kamala-harris-2024-election/,,61,2,Plus-Bluejay-2024,Kamala,2024-09-13 13:12:46+00:00,0.95,/r/Kamala/comments/1ffuemp/civil_rights_activist_myrlie_evers_endorses/,False
235,1ffsxhw,If Harris has so many good ideas why has she not already done them? ,https://www.reddit.com/r/Kamala/comments/1ffsxhw/if_harris_has_so_many_good_ideas_why_has_she_not/,"This is an honest question that we have heard.  The answer is simple, we have a House that is so dysfunctional they can‚Äôt even keep a Speaker.  Plus Republicans in the Senate that fear Trump so they block legislation.  

We need to vote Blue all up and down the ballot.  ",51,73,HippieJed,Kamala,2024-09-13 11:59:35+00:00,0.68,/r/Kamala/comments/1ffsxhw/if_harris_has_so_many_good_ideas_why_has_she_not/,False
236,1ffsmoq,"Dogs, fraud, and asylums: Trump triples down on conspiracies amid debate delirium.",https://www.reddit.com/r/Kamala/comments/1ffsmoq/dogs_fraud_and_asylums_trump_triples_down_on/,"

Glowering like a puppy about to be eaten by an immigrant, Trump made a bigger jackass out of himself than he usually does. With steely eyes reflecting his absolute hatred of any kind of truth, he went with his old hits. He continued with his usual inane silliness about his election being fixed (confidentially, it was. Me and eighty of my co-conspirators each voted a million times), and without an iota of evidence claimed millions of recently released nuts from insane asylums are flooding into our country, What he didn't tell you, is they are all MAGA; where do you think these whackjobs come from?

Ah, but there is more -- so much more. With red-eyed malice and gibberish oozing from between his store-bought teeth, he continued to mouth other absurdities meant not for the general audience, but the dullards of MAGA.

He railed about immigrants eating Fluffy and Spot, he moaned about imaginary gangs of imaginary thugs (you know, like the insurrectionists of 1/6), he baselessly accused Nancy Pelosi of being in charge of security on 1/6, and he threatened to kill Obamacare, though he admitted he had no plan to replace it. He had apoplexy when it was pointed out masses of people abandon his rallies because of boredom. He rambled and gave a flustered response when asked why he killed the border bill his own party authored.

He claimed Harris was busing people to her rallies and paying them to be there. But, as usual, it was yet another lie meant to set the back-alley wanderers of MAGA's hair on fire.

Ah, but the highpoint of the evening actually came after the debate. The mega-MAGA-moron complained ABC fact checked him, essentially confirming he did unashamedly lie.

Trump is a criminal, a danger to our democracy, and he now confirms he's stupid, too.

[https://www.msn.com/en-us/news/politics/dogs-fraud-and-asylums-trump-triples-down-on-conspiracies-amid-debate-delirium/ar-AA1qoZHd?ocid=msedgdhp&pc=HCTS&cvid=319d59c35d9e48a784a1778e7b456483&ei=55](https://www.msn.com/en-us/news/politics/dogs-fraud-and-asylums-trump-triples-down-on-conspiracies-amid-debate-delirium/ar-AA1qoZHd?ocid=msedgdhp&pc=HCTS&cvid=319d59c35d9e48a784a1778e7b456483&ei=55)",4,1,LetterGrouchy6053,Kamala,2024-09-13 11:43:30+00:00,0.69,/r/Kamala/comments/1ffsmoq/dogs_fraud_and_asylums_trump_triples_down_on/,False
237,1ffni8e,In Memoriam,https://youtu.be/DeD-xLWA4ro?si=EsLHyglfACv73YGl,,15,1,SoCalLynda,Kamala,2024-09-13 05:44:48+00:00,0.86,/r/Kamala/comments/1ffni8e/in_memoriam/,False
238,1ffmrb6,This makes me laugh!,https://x.com/gtconway3d/status/1834390111913398381,I can watch this several times a day and it makes me laugh.  When I watched the debate I thought something similar!,15,2,johnuws,Kamala,2024-09-13 04:57:09+00:00,0.86,/r/Kamala/comments/1ffmrb6/this_makes_me_laugh/,False
239,1ffkcsr,Trump's insane lies make people react the same way. Biden reaction in 2020 and Harris in 2024,https://www.reddit.com/gallery/1ffkcsr,,114,5,KmartRadio,Kamala,2024-09-13 02:42:06+00:00,0.97,/r/Kamala/comments/1ffkcsr/trumps_insane_lies_make_people_react_the_same_way/,False
240,1ffesh3,Harris raises $47 million in 24 hours after Trump debate ,https://www.cnbc.com/2024/09/12/harris-raises-47-million-trump-debate.html,,207,5,Plus-Bluejay-2024,Kamala,2024-09-12 22:05:30+00:00,0.99,/r/Kamala/comments/1ffesh3/harris_raises_47_million_in_24_hours_after_trump/,False
241,1ffdch6,Send this short Trump story to your friends for laughs or to MAGA to wake them up!,https://www.reddit.com/r/Kamala/comments/1ffdch6/send_this_short_trump_story_to_your_friends_for/,"Short satirical where Trump is banished to an island and outsmarted by children...

https://medium.com/@michaelstierhoff/banished-to-the-island-of-the-toadasaurs-65cb4a00e29b",1,1,StratHistory,Kamala,2024-09-12 21:01:52+00:00,0.67,/r/Kamala/comments/1ffdch6/send_this_short_trump_story_to_your_friends_for/,False
242,1ff9l3y,Kamala Harris vs. JD Vance on School Shootings (from White Guys for Kamala podcast),https://v.redd.it/g86a25258fod1,,15,2,youhavetherighttoo,Kamala,2024-09-12 18:24:43+00:00,0.94,/r/Kamala/comments/1ff9l3y/kamala_harris_vs_jd_vance_on_school_shootings/,False
243,1ff7mk2,A Closer Look Live Primetime Special: Harris Baits Trump into Melting Down in Debate,https://youtu.be/UBKLP6RYtRQ?si=dwhPPLGA9Bkwh8u-,Seth takes a closer look at the historic debate between Vice President Kamala Harris and former President Donald Trump and more in a special election edition of A Closer Look.,5,1,JimCripe,Kamala,2024-09-12 17:03:45+00:00,0.86,/r/Kamala/comments/1ff7mk2/a_closer_look_live_primetime_special_harris_baits/,False
244,1ff768p,‚ÄúFacts are facts‚Äù says the man with the IQ of an orangutan ,https://i.redd.it/e1nix8jfqeod1.jpeg,Let‚Äôs repeal the 19th amendment fellas ,70,34,dontblinkyoullmissme,Kamala,2024-09-12 16:45:00+00:00,0.89,/r/Kamala/comments/1ff768p/facts_are_facts_says_the_man_with_the_iq_of_an/,False
245,1ff69lg,"Alberto Gonzales, Bush's attorney general, endorses Kamala Harris, warning of Donald Trump's ""threat to the rule of law""",https://www.cbsnews.com/news/alberto-gonzales-kamala-harris-endorsement/,,62,1,Plus-Bluejay-2024,Kamala,2024-09-12 16:07:15+00:00,0.98,/r/Kamala/comments/1ff69lg/alberto_gonzales_bushs_attorney_general_endorses/,False
246,1ff30z2,I‚Äôm not a Swiftie. I appreciate Swift risking her brand to take a stand. ,https://i.redd.it/clhjhek2vdod1.jpeg,I‚Äôm not a Swiftie. I appreciate Swift risking her brand to take a stand. ,332,25,dontblinkyoullmissme,Kamala,2024-09-12 13:49:13+00:00,0.98,/r/Kamala/comments/1ff30z2/im_not_a_swiftie_i_appreciate_swift_risking_her/,False
247,1ff2j4i,Trump's lies and the dullards that believe them.,https://www.reddit.com/r/Kamala/comments/1ff2j4i/trumps_lies_and_the_dullards_that_believe_them/,"Did ya' notice Trump and the MGA morons are whining about ABC fact-checking him, but make no mention of the fact he was, indeed, lying! And he wasn't just lying to the libs, he knows they would never believe him, no, he was lying to them because he believes they are dumb enough to believe anything he says.

He knows he can manipulate them, convince them of the most outrageous nonsense -- and leave them open to ridicule, mockery, and derision when they open their yaps and repeat the stupidity.

When will they learn he has no respect for them, that his former aides reported he laughs at them behind their backs. and he sees them only as tools or toilet tissue, to be used and then discarded?

Straighten up, MAGA, Yeah, he shares your disdain for blacks and immigrants, but is it worth the trade off?  Project 2025 will eliminate your freedoms. too.

When you walk into a room and it suddenly goes quiet, it should make manifest your spot in society.

Trump is an opportunist jackass, and he is leading down the road of the same 'jackassery'

So, believe the lies, repeat the lies, but pay attention to the scorn they elicit.",24,4,LetterGrouchy6053,Kamala,2024-09-12 13:26:10+00:00,0.86,/r/Kamala/comments/1ff2j4i/trumps_lies_and_the_dullards_that_believe_them/,False
248,1fevmi7,"'Fine, Taylor... I'll Give You A Child': Elon Musk Mocks Taylor Swift's Endorsing Kamala Harris After Debate",https://www.ibtimes.co.uk/fine-taylor-ill-give-you-child-elon-musk-mocks-taylor-swifts-endorsing-kamala-harris-1726829,,29,13,vinaylovestotravel,Kamala,2024-09-12 06:04:09+00:00,0.87,/r/Kamala/comments/1fevmi7/fine_taylor_ill_give_you_a_child_elon_musk_mocks/,False
